File,Key,English,Danish,German,Spanish,Italian,Portuguese
Main,error,Error,Fejl,Fehler,Error,Errore,Erro
Main,error_message,"The game has crashed with the following message: ""{0}"".
If this happened at startup, make sure you have updated drivers for your graphics card and sound card.","Spillet er brudt sammen med følgende besked: ""{0}"".
Hvis det skete under opstarten, bør du sikre dig, at dine grafikdrivere og lyddrivere er opdaterede.","Das Spiel ist mit folgender Meldung abgestürzt: ""{0}"".
Sollte dies beim Starten des Spiels aufgetreten sein, stellen Sie sicher, dass die Grafik- und Soundkartentreiber aktuell sind.","El juego se ha cerrado con el siguiente mensaje de error: ""{0}"".
Si esto ha sucedido iniciando el juego, asegúrate que tienes actualizados los drivers de tus tarjetas gráfica y de sonido.","Il gioco si è bloccato con il seguente messaggio: ""{0}"".
Se è accaduto in fase di avvio, assicurati di aver installato driver aggiornati per la tua scheda grafica e sonora.","O jogo fechou com a seguinte mensagem: ""{0}"".
Se isso aconteceu ao iniciar o jogo, certifique-se de ter atualizado os drivers para sua placa de vídeo e de som."
camera/MapCamera,map_mode,Map Mode,Oversigtskort,Kartenmodus,Modo Mapa,Modo Mappa,Modo Mapa
delegate/CampaignMapForm,viking_header,Chief Fjorleif,Chief Fjorleif,Häuptling Fjorleif,Jefe Fjorleif,Capo Fjorleif,Chefe Fjorleif
delegate/CampaignMapForm,native_header,Chief Ngumba,Chief Ngumba,Häuptling Ngumba,Jefe Ngumba,Capo Ngumba,Chefe Ngumba
delegate/CampaignMapForm,viking_campaign_completed,"Congratulations, we did it! Now, let''s sail home before the natives find out what hit them...","Tillykke, vi gjorde det! Kom, lad os sejle hjem før de indfødte finder ud af, hvad der skete.","Hey, wir haben''s geschafft! Jetzt sollten wir aber schnell nach Hause segeln, bevor diese Eingeborenen herausfinden, was Sache ist ...","¡Siiií, lo conseguimos!, ahora partamos hacia casa antes de que los nativos averigüen qué les golpeó...","Evviva, ce l''abbiamo fatta! Adesso torniamo a casa prima che i nativi capiscano cosa li ha colpiti...","Siiiim, conseguímos!, agora vamos velejar pra casa antes que os nativos percebam o que os atingiu..."
delegate/CampaignMapForm,native_campaign_completed,"Yeah! That will teach those stupid Vikings not to mess with us. Now we head back south, and forget this pointless feud ever happened.",Ja! Så kan de dumme vikinger lære ikke at lægge sig ud med os. Nu tager vi tilbage sydpå og glemmer denne meningsløse krig.,"Jawohl! Diese dämlichen Wikinger werden sich nicht mehr so schnell mit uns anlegen. Am besten, wir ziehen wieder in den Süden zurück und vergessen diese sinnlose Fehde ein für alle Mal.",¡Sí! Eso les enseñará a esos estúpidos vikingos a no meterse con nosotros. Ahora dirijámonos al sur y olvidemos que esta  inútil rencilla tuvo lugar.,Oh si! Questo insegnerà a quegli stupidi Vichinghi a non mettersi contro di noi! Adesso torniamo a sud e dimentichiamo questa scaramuccia senza importanza.,"Sim! isso vai ensinar esses vikings estúpidos a não mexer conosco. Agora vamos voltar ao sul, e esquecer que essa disputa inútil tenha acontecido."
delegate/CampaignMapForm,native_campaign_opened_header,Native campaign,De indfødtes felttog,Eingeborenenfeldzug,Campaña indígena.,Campagna Nativi,Campanha indígena.
delegate/CampaignMapForm,native_campaign_opened,The native campaign is now accessible.,De indfødtes felttog er nu tilgængelig.,Der Eingeborenenfeldzug ist nun verfügbar.,La campaña indígena ahora es accesible.,La Campagna Nativi è ora disponibile.,A campanha indígena agora está disponível.
delegate/CountdownDelegate,waiting,Waiting for players...,Venter på spillere...,Spieler werden erwartet...,Esperando a los jugadores...,In attesa dei giocatori...,Esperando por jogadores...
delegate/CountdownDelegate,fight,Fight!,Kæmpe!,Kämpfen!,¡Luchar!,Combattimento!,Lutem!
delegate/GameStatsDelegate,units_lost,Units lost,Enheder mistet,Verlorene Einheiten,Unidades perdidas,Unità perse,Unidades perdidas
delegate/GameStatsDelegate,units_killed,Units killed,Enheder dræbt,Getötete Einheiten,Unidades asesinadas,Unità uccise,Unidades mortas
delegate/GameStatsDelegate,buildings_lost,Buildings lost,Bygninger mistet,Verlorene Gebäude,Edificios perdidos,Edifici persi,Edifícios perdidos
delegate/GameStatsDelegate,buildings_wrecked,Buildings wrecked,Bygninger smadret,Zerstörte Gebäude,Edificios derribados,Edifici distrutti,Edifícios arrebentados
delegate/GameStatsDelegate,tree_resources,Wood resources,Træressourcer,Holzressourcen,Recursos de madera,Risorse di legno,Recursos de madeira
delegate/GameStatsDelegate,rock_resources,Rock resources,Stenressourcer,Steinressourcen,Recursos de piedra,Risorse di roccia,Recursos de pedra
delegate/GameStatsDelegate,iron_resources,Iron resources,Jernressourcer,Eisenressourcen,Recursos de hierro,Risorse di ferro,Recursos de ferro
delegate/GameStatsDelegate,chicken_resources,Chicken resources,Kyllingeressourcer,Hühnchenressourcen,Recursos de pollo,Risorse di pollo,Recursos de galinha
delegate/GameStatsDelegate,meters_walked,Meters walked,Meter gået,Zurückgelegte Meter,Metros recorridos,Metri percorsi,Metros caminhados
delegate/GameStatsDelegate,weapons_thrown,Weapons thrown,Våben kastet,Geworfene Waffen,Armas arrojadas,Armi scagliate,Armas arremessadas
delegate/GameStatsDelegate,magics_used,Magics used,Specialangreb,Eingesetzte magische Strategien,Magias usadas,Magie usate,Magias usadas
delegate/GameStatsDelegate,total,Total score,Total score,Gesamtpunktzahl,Puntuación total,Punteggio totale,Pontuação total
delegate/GameStatsDelegate,observer_mode,Observer mode,Tilskuer,Beobachtermodus,Modo de observación,Modo osservatore,Modo observador
delegate/GameStatsDelegate,main_menu,Main menu,Hovedmenu,Hauptmenü,Menú principal,Menu principale,Menu principal
delegate/GameStatsDelegate,replay_island,Replay island,Genspil ø,Insel erneut spielen,Volver a jugar la isla,Rigioca isola,Repetir ilha
delegate/GameStatsDelegate,map_code,Map code: {0},Ø-kode: {0},Kartencode: {0},Código del mapa: {0},Codice mappa: {0},Código do mapa: {0}
delegate/GameStatsDelegate,type,Type,Type,Typ,Tipo,Tipo,Tipo
delegate/GameStatsDelegate,player_header,Player,Spiller,Spieler,Jugador,Giocatore,Jogador
delegate/GameStatsDelegate,next_page,Next >,Næste >,Weiter >,Siguiente >,Avanti >,Próxima >
delegate/GameStatsDelegate,prev_page,< Prev,< Forrige,< Zurück,< Anterior,< Precedente,< Anterior
delegate/MainMenu,resume,Resume,Fortsæt,Fortsetzen,Continuar,Ricomincia,Resumir
delegate/MainMenu,tutorial,Tutorial,Grundkursus,Tutorial,Tutorial,Tutorial,Tutorial
delegate/MainMenu,campaign,Campaign,Felttog,Feldzug,Campaña,Campagna,Campanha
delegate/MainMenu,skirmish,Single player,En spiller,Singleplayermodus,Un Jugador,Giocatore singolo,Um jogador
delegate/MainMenu,multiplayer,Multiplayer,Flere spillere,Multiplayermodus,Multijugador,Multiplayer,Multijogador
delegate/MainMenu,register,Register,Registrer,Registrieren,Registrar,Registra,Registrar
delegate/MainMenu,options,Options,Indstillinger,Optionen,Opciones,Opzioni,Opções
delegate/MainMenu,update,Update,Opdater,Aktualisieren,Actualizar,Aggiorna,Atualizar
delegate/MainMenu,end_game,End game,Afbryd spil,Spiel beenden,Terminar juego,Chiudi gioco,Terminar jogo
delegate/MainMenu,end_tutorial,End tutorial,Afbryd grundkursus,Tutorial beenden,Terminar tutorial,Chiudi tutorial,Terminar tutorial
delegate/MainMenu,end_campaign,End campaign,Afbryd felttog,Feldzug beenden,Terminar campaña,Chiudi campagna,Terminar campanha
delegate/MainMenu,load,Load,Hent,Laden,Cargar,Carica,Carregar
delegate/MainMenu,save,Save,Gem,Speichern,Guardar,Salva,Salvar
delegate/MainMenu,quit,Quit,Afslut,Beenden,Salir,Esci,Sair
delegate/MainMenu,end_game_confirm,Are you sure you want to end this game?,Er du sikker på du vil afbryde spillet?,Möchten Sie dieses Spiel wirklich beenden?,¿Seguro que quieres terminar esta partida?,Sei sicuro di voler terminare il gioco?,Você tem certeza de que quer terminar essa partida?
delegate/MainMenu,game_aborted,Game aborted.,Spil afbrudt.,Spiel wurde abgebrochen.,Juego abortado.,Gioco chiuso.,Jogo abortado.
delegate/MainMenu,objective,OBJECTIVES:,MÅL:,ZIELE:,OBJETIVOS:,Obiettivi:,OBJETIVOS:
delegate/MainMenu,logo_file,/textures/gui/tt_mainform_logo,,/textures/gui/tt_mainform_logo_de,,/textures/gui/tt_mainform_logo,/textures/gui/tt_mainform_logo
delegate/QuitScreen,buy_now,Order now and get:,Bestil nu og få:,"Kaufen Sie jetzt, und Sie erhalten:",Cómpralo ahora y consigue:,Ordina ora per abilitare:,Peça agora e receba:
delegate/QuitScreen,incentive0,- Chieftains with special attacks,- Høvdinge med specialangreb,- Häuptlinge mit ganz besonderen Angriffsstrategien,- Jefes tribales con ataques especiales,- Capi con attacchi speciali,- Chefes com ataques especiais
delegate/QuitScreen,incentive1,- Towers for defending your land,- Tårne til at forsvare dig,"- Türme, mit denen Sie Ihr Land verteidigen können",- Torres para defender tu territorio,- Torri per difendere la tua terra,- Torres para defender sua terra
delegate/QuitScreen,incentive2,- Two new warrior types,- To nye krigertyper,- Zwei neue Kriegerarten,- Dos nuevos tipos de guerreros,- Due nuovi tipi di guerrieri,- Dois novos tipos de guerreiros
delegate/QuitScreen,incentive3,- Two complete campaigns,- Begge felttog,- Den gesamten Feldzug,- La campaña completa,- Due campagne complete,- Duas campanhas completas
delegate/QuitScreen,incentive4,- Your own online player profiles,- Din egen online profil,- Ihre eigenen Onlinespielerprofile,- Tus propios perfiles de juego online,- Il tuo profilo online,- Seu próprio perfil online
delegate/QuitScreen,incentive5,- Four times larger islands,- Fire gange større øer,- Vier mal größere Inseln,- Islas cuatro veces más grandes,- Isole quattro volte più grandi,- Ilhas quatro vezes maiores
delegate/QuitScreen,incentive6,- Harder computer opponents,- Sværere computermodstandere,- Schwierigere Computergegner,- Oponentes con mayor dificultad,- Avversari più forti,- Oponentes mais difíceis
delegate/SelectionDelegate,observer_mode,Observer Mode - Press escape to exit,Tilskuer - Tryk escape for at afslutte,Beobachtermodus - Drücken Sie zum Beenden die ESC-TASTE.,Modo de observación - Pulsa Esc para salir,Modalità osservatore - Premi esc per uscire,Modo Observador - Pressione esc para sair
delegate/TutorialOverDelegate,tutorial_completed,Tutorial {0} is now completed,Kursus {0} er gennemført,Das Tutorial {0} ist abgeschlossen.,El tutorial {0} ha terminado,Il tutorial {0} è completato,O tutorial {0} foi concluído
delegate/TutorialOverDelegate,next_tutorial,Next tutorial,Næste kursus,Nächstes Tutorial,Próximo tutorial,Prossimo tutorial,Próximo tutorial
delegate/TutorialOverDelegate,restart_tutorial,Restart tutorial,Genstart kursus,Tutorial erneut starten,Repetir el tutorial,Ricomincia tutorial,Recomeçar tutorial
delegate/TutorialOverDelegate,main_menu,Main menu,Hovedmenu,Hauptmenü,Menú principal,Menu principale,Menu principal
form/BugReportConfirmForm,confirm_report,"The game will quit now, and the next time you start it, you will be prompted to fill out a bug report form. Continue?","Spillet afsluttes nu, og næste gang du starter, vil du blive bedt om at udfylde en fejlrapport. Fortsæt?","Das Spiel wird nun beendet. Beim nächsten Start werden Sie aufgefordert, einen Fehlerbericht auszufüllen. Möchten Sie fortfahren?","El juego terminará ahora, y la próxima vez que lo arranques se te pedirá que rellenes un informe de error. ¿Continuar?","Il gioco terminerà ora, e al prossimo avvio, ti verrà richiesto di compilare un rapporto di errore. Continuare?","O jogo vai fechar agora, da próxima vez que você rodar o jogo, será pedido para você preencher um formulário de relatório de bug. Continuar?"
form/CampaignForm,delete,Delete,Slet,Löschen,Borrar,Cancella,Apagar
form/CampaignForm,campaign,Campaign,Felttog,Feldzug,Campaña,Campagna,Campanha
form/CampaignForm,new,New Campaign,Nyt felttog,Neuer Feldzug,Nueva campaña,Nuova Campagna,Nova Campanha
form/CampaignForm,load,Load Game,Hent spil,Spiel laden,Cargar partida,Carica Partita,Carregar Partida
form/CampaignForm,failed_message,Error accessing file {0}. Make sure the directory is accessible. ({1}),Fejl under åbning af filen {0}. Sørg for at mappen er tilgængelig. ({1}),"Fehler beim Zugreifen auf Datei {0}. Stellen Sie sicher, dass auf das Verzeichnis zugegriffen werden kann. ({1})",Error accediendo al fichero {0}. Asegúrate que el directorio es accesible. ({1}),Errore di accesso al file {0}. Assicurati che la directory sia accessibile. ({1}),Erro acessando arquivo {0}. Certifique-se de que o diretório está acessível. ({1})
form/CampaignForm,confirm_delete,Are you sure you want to delete {0}?,Er du sikker på du vil slette {0}?,Möchten Sie {0} wirklich löschen?,¿Seguro que quieres borrar {0}?,Vuoi davvero cancellare {0}?,Você tem certeza que quer deletar {0}?
form/ChatErrorForm,chat_error_too_many_users,ERROR: Unable to join room. Too many users.,FEJL: Kunne ikke tilsluttes rummet. For mange brugere.,FEHLER: Raum konnte nicht betreten werden. Zu viele Benutzer.,ERROR: No se puede entrar en la sala. Demasiados jugadores.,ERROR: Impossibile entrare nella stanza. Troppi utenti.,ERRO: Não é possível se juntar à sala. Muitos usuários.
form/ChatErrorForm,chat_error_invalid_name,ERROR: Unable to join room. Invalid name.,FEJL: Kunne ikke tilsluttes rummet. Ugyldigt navn.,FEHLER: Raum konnte nicht betreten werden. Name ungültig.,ERROR: No se puede entrar en la sala. Nombre no válido.,ERROR: Impossibile entrare nella stanza. Nome invalido.,ERRO: Não é possível se juntar à sala. Nome invalido.
form/ChatErrorForm,chat_error_no_such_nick,ERROR: No such nick.,FEJL: Navnet findes ikke.,FEHLER: Nick unbekannt.,ERROR: No hay tal nick.,ERROR: Nick inesistente.,ERRO: Esse apelido não existe.
form/ChatErrorForm,chat_error_spectate_failed,ERROR: Unable to spectate this game.,FEJL: Kan ikke se dette spil.,FEHLER: Dieses Spiel kann nicht als Zuschauer verfolgt werden.,ERROR: No se puede ver este partido como espectador.,ERRORE: Impossibile assistere alla partita.,ERRO: Não é possível assistir essa partida.
form/ConnectingForm,connecting,Connecting to server...,Forbinder til server...,Die Verbindung zum Server wird hergestellt ...,Conectando al servidor...,Connessione al server...,Connectando ao servidor...
form/ConnectingForm,starting,Starting game...,Starter spil...,Das Spiel wird geladen ...,Iniciando la partida...,Inizio partita...,Iniciando a partida...
form/ConnectingForm,connection_lost,Connection to game host lost,Mistede forbindelsen til værten,Die Verbindung zum Spielhost wurde abgebrochen.,Se ha perdido la conexión al anfitrión del juego,Connessione con il server perduta,Conexão ao host do jogo foi perdida
form/CreateChatRoomForm,create_room,Create new chat room,Opret nyt chatrum,Neuen Chatraum erstellen,Crear nueva sala de conversación,Crea nuova stanza,Criar nova sala de chat
form/CreateChatRoomForm,name,Name:,Navn:,Name:,Nombre:,Name:,Nome:
form/CreateChatRoomForm,min_name_error,Name must be at least {0} characters.,Navnet skal være på mindst {0} tegn.,Der Name muss mindestens {0} Zeichen umfassen.,El nombre debe tener al menos {0} caracteres.,Lunghezza minima del nome {0} caratteri.,Nome precisa ter pelo menos {0} caracteres.
form/CreatingProfileForm,creating,Creating...,Opretter...,Profil wird erstellt ...,Creando...,Creazione...,Criando...
form/CreatingProfileForm,username_error_too_many,ERROR: You have too many profiles. Delete a profile before creating a new one.,FEJL: Du har for mange profiler. Slet en profil før du opretter en ny.,"FEHLER: Sie haben zu viele Profile. Löschen Sie ein Profil, bevor Sie ein neues erstellen.",ERROR: Tienes demasiados perfiles. Borra un perfil existente antes de crear uno nuevo.,ERROR: Hai troppi profili. Cancella un profilo prima di crearne uno nuovo.,ERRO: Você possui muitos perfís. Apague um perfil antes de criar um novo.
form/CreatingProfileForm,username_error_already_exists,ERROR: A profile with that name already exists.,FEJL: En profil med det navn eksisterer allerede.,FEHLER: Ein Profil mit diesem Namen besteht bereits.,ERROR: Ya existe un perfil con ese nombre.,ERROR: Esiste già un profilo con lo stesso nome.,ERRO: Um perfil com esse nome já existe.
form/CreatingProfileForm,username_error_invalid_characters,ERROR: Profile name contains invalid characters.,FEJL: Profilnavnet indeholder ugyldige tegn.,FEHLER: Der Profilname enthält ungültige Zeichen.,ERROR: El nombre del perfil contiene caracteres no válidos.,ERROR: Il nome profilo contiene dei caratteri non validi.,ERRO: Nome de perfil contêm caracteres inválidos.
form/CreatingProfileForm,username_error_too_short,ERROR: Profile name too short.,FEJL: Profilnavnet er for kort.,FEHLER: Der Profilname ist zu kurz.,ERROR: El nombre del perfil es demasiado corto.,ERROR: Nome profilo troppo corto.,ERRO: Nome de perfil muito curto.
form/CreatingProfileForm,username_error_too_long,ERROR: Profile name too long.,FEJL: Profilnavnet er for langt.,FEHLER: Der Profilname ist zu lang.,ERROR: El nombre del perfil es demasiado largo.,ERROR: Nome profilo troppo lungo.,ERRO: Nome de perfil muito comprido.
form/CreatingProfileForm,profile_error_guest,ERROR: Profile name can not start with {0},FEJL: Profilnavnet må ikke starte med {0},FEHLER: Der Profilname darf nicht mit {0} beginnen.,ERROR: El nombre del perfil no puede empezar por {0},ERROR: Il nome profilo non può iniziare con {0},ERRO: Nome de perfil não pode começar com {0}
form/CreditsForm,about,About,Om,Info,Acerca de,About,Sobre
form/CreditsForm,credits,Credits,Udviklere,Credits,Créditos,Credits,Créditos
form/CreditsForm,thanks_to,Thanks to,Tak til,Danke an,Agradecimientos a,Ringraziamenti,Obrigado para
form/CreditsForm,about_text,"Tribal Trouble - Revision {0}
Copyright © 2001-2007 Oddlabs ApS. All rights reserved.

","Tribal Trouble - Revision {0}
Copyright © 2001-2007 Oddlabs ApS. Alle rettigheder forbeholdt.

","Tribal Trouble - Revision {0}
Copyright © 2001-2007 Oddlabs ApS. Alle Rechte vorbehalten.

","Tribal Trouble - Revisión {0}
Copyright © 2001-2007 Oddlabs ApS. Todos los derechos reservados.","Tribal Trouble - Revisione {0}
Copyright © 2001-2007 Oddlabs ApS. Tutti i diritti riservati.

","Tribal Trouble - Revisão {0}
Copyright © 2001-2007 Oddlabs ApS. Todos os direitos reservados.

"
form/CreditsForm,game_design_and_programming,GAME DESIGN & PROGRAMMING,SPILDESIGN & PROGRAMMERING,DESIGN & PROGRAMMIERUNG,DISEÑO DEL JUEGO Y PROGRAMACIÓN,GAME DESIGN & PROGRAMMAZIONE,DESIGN DE JOGO & PROGRAMAÇÃO
form/CreditsForm,3d_artwork_and_animation,3D ARTWORK & ANIMATION,3D GRAFIK & ANIMATION,3D-ART & ANIMATION,ANIMACIÓN Y DISEÑO 3D,3D ARTWORK & ANIMAZIONE,ARTE 3D & ANIMAÇÃO
form/CreditsForm,audio,AUDIO,LYD,AUDIO,AUDIO,AUDIO,ÁUDIO
form/CreditsForm,thanks,THANKS,TAK,DANKE,AGRADECIMIENTOS,RINGRAZIAMENTI,OBRIGADO
form/CreditsForm,oddlabs_thanks,Oddlabs would like to thank the following persons (in no particular order) for their assistance:,Oddlabs vil gerne takke følgende personer (i tilfældig rækkefølge) for deres hjælp:,Oddlabs möchte folgenden Personen (in zufälliger Reihenfolge) für ihre Hilfe danken:,Oddlabs quiere agradecer a las siguiente personas (sin un orden en particular) por su ayuda prestada:,Oddlabs vuole ringraziare le seguenti persone (in ordine sparso) per il loro aiuto:,Oddlabs gostaria de agradecer as seguintes pessoas (sem ordem em particular) pela sua ajuda:
form/CreditsForm,beta_thank,"A big thanks to all of our beta testers, especially:","En stor tak til alle vores betatestere, specielt:","Ein riesengroßes Dankeschön auch an all unsere Betatester, besonders an:","Muchas Gracias a todos nuestros betatesters, especialmente:","Un grande ringraziamento a tutti i nostri beta tester, specialmente:","Um grande obrigado para todos os nossos testadores da beta, especialmente:"
form/CreditsForm,additional_thanks,...and thanks to all those we forgot!,...og tak til alle dem vi har glemt!,"... und natürlich danke an alle, die wir vergessen haben!",...y gracias también a todos los que nos hemos dejado en el tintero!,...e grazie a tutti coloro che non sono stati menzionati!,...e obrigado a todos que nós esquecemos!
form/CreditsForm,special_thanks,SPECIAL THANKS,SÆRLIG TAK,BESONDERER DANK,AGRADECIMIENTOS ESPECIALES,RINGRAZIAMENTI SPECIALI,AGRADECIMENTOS ESPECIAIS
form/CreditsForm,special_thanks_text,Our very special thanks go out to:,Særlig tak til:,Unser besonderer Dank gilt:,Nuestro agradecimiento especial para:,I nostri speciali ringraziamenti a:,Nossos agradecimentos muito especiais vão para:
form/DisplayChangeForm,warning_message,"Changing video mode while the game is running can cause problems with some graphics drivers.

Choose Later to make the changes take effect the next time you start the game (recommended).
Choose Now to make the changes take effect immediately.","At skifte skærmopsætning mens spillet kører kan skabe problemer med nogle grafikkortdrivere.

Vælg ""Senere"" for at ændringerne forekommer næste gang, du starter spillet (anbefalet).
Vælg ""Nu"" for at skifte med det samme.","Eine Änderung des Videomodus während des Spiels kann bei einigen Grafiktreibern zu Problemen führen.

Klicken Sie auf ''Später'', damit die Änderungen beim nächsten Starten des Spiels übernommen werden (empfohlen).
Klicken Sie auf ''Jetzt'', damit die Änderungen sofort übernommen werden.","Cambiar el modo de vídeo mientras estas jugando puede causar problemas con algunos drivers gráficos

Elije ""Después"" para que los cambios se apliquen la próxima vez que arranques el juego (recomendado).
Elije ""Ahora"" para aplicar los cambios inmediatamente.","Cambiare il modo video durante il gioco può causare problemi con alcune schede grafiche.

Scegli Dopo perchè i cambiamenti abbiano effetto al prossimo riavvio del gioco (raccomandato).
Scegli Adesso perchè i cambiamenti abbiano effetto immediatamente.","Alterar o modo de vídeo enquanto o jogo está rodando pode causar problemas com alguns drivers gráficos.

Escolha Depois para fazer com que as mudanças tenham efeito na próxima vez que iniciar o jogo. (recomendado).
Escolha Agora para fazer com que as mudanças tenham efeito imediatamente."
form/DisplayChangeForm,now,Now,Nu,Jetzt,Ahora,Adesso,Agora
form/DisplayChangeForm,later,Later,Senere,Später,Después,Dopo,Depois
form/GameInfoForm,game_info,Game info,Spilinfo,Info zum Spiel,Resumen,Info Gioco,Informação da partida
form/GameInfoForm,name,Game name:,Spilnavn:,Name des Spiels:,Nombre de la Partida:,Nome Gioco:,Nome da partida:
form/GameInfoForm,size,Size:,Størrelse:,Größe:,Tamaño:,Dimensioni:,Tamanho:
form/GameInfoForm,terrain_type,Terrain type:,Terræntype:,Geländeart:,Tipo de Terreno:,Tipo di terreno:,Tipo de terreno:
form/GameInfoForm,hills,Hills:,Bakker:,Hügel:,Colinas:,Colline:,Colinas:
form/GameInfoForm,trees,Trees:,Træer:,Bäume:,Árboles:,Alberi:,Árvores:
form/GameInfoForm,supplies,Resources:,Ressourcer:,Ressourcen:,Recursos:,Risorse:,Recursos:
form/GameInfoForm,rated,Rated:,Ligaspil,Gewertet:,Puntuado,Voto:,Ranqueada:
form/GameInfoForm,gamespeed,Gamespeed:,Hastighed:,Tempo:,Velocidad del Juego:,Velocità:,Velocidade do jogo:
form/GameInfoForm,mapcode,Mapcode:,Ø-kode:,Kartencode:,Código de mapa:,Codice Mappa:,Código do mapa:
form/GameMenu,game_caption,Game,Spil,Spiel,Partida,Gioco,Partida
form/GameMenu,rated,[Rated],[Ligaspil],[Gewertet],[Puntuado],[Voto],[Ranqueada]
form/GameMenu,game,Game:,Spil:,Spiel:,Partida:,Gioco:,Partida:
form/GameMenu,chat,Chat:,Chat:,Chat:,Charla:,Chat:,Chat:
form/GameMenu,send,Send,Send,Senden,Enviar,Invia,Enviar
form/GameMenu,start,Start,Start,Start,Comenzar,Inizio,Iniciar
form/GameMenu,ready,Ready,Klar,Bereit,Listo,Pronto,Pronto
form/GameMenu,cancel,Cancel,Annuller,Abbrechen,Cancelar,Cancella,Cancelar
form/GameMenu,info,Game info,Spilinfo,Info zum Spiel,Resumen,Info Gioco,Informação da partida
form/GameMenu,rating,Rating,Ligapoint,Einstufung,Puntos,Voto,Pontos
form/GameMenu,hard_unavailable,Hard AI players are unavailable in this demo version of Tribal Trouble.,Svære computerspillere er ikke tilgængelige i denne demonstrationsudgave af Tribal Trouble.,In der Demoversion von Tribal Trouble stehen keine schwierigen KI-Spieler zur Verfügung.,Los jugadores IA Difícil no están accesibles en esta versión demostración de Tribal Trouble.,Modalità Difficile non disponibile nella versione demo di Tribal Trouble.,Jogadores de IA difíceis estão indisponíveis nessa versão de demonstração de Tribal Trouble.
form/GameMenu,rating_change_message,"If your team wins you gain {0} in rating, otherwise you lose {1} in rating.","Hvis dit hold vinder, får du {0} ligapoint, ellers taber du {1} ligapoint.","Wenn Ihr Team gewinnt, steigt Ihre Einstufung um {0}, andernfalls sinkt sie um {1}.","Si tu equipo gana, tu ganas {0} puntos, de lo contrario pierdes {1} puntos.","Se il tuo team vince guadagni {0} in voti, altrimenti perdi {1} in voti.","Se sua equipe vencer, você ganha {0} pontos, caso contrário você perde {1} pontos."
form/GameMenu,open,Open,Åben,Geöffnet,Abierto,Aperto,Aberto
form/GameMenu,closed,Closed,Luk,Niemand,Cerrado,Chiuso,Fechado
form/GameMenu,easy_ai,Easy AI,Let computer,Einfache KI,IA Fácil,Facile,IA Fácil
form/GameMenu,normal_ai,Normal AI,Normal computer,Normale KI,IA Normal,Normale ,IA Normal
form/GameMenu,hard_ai,Hard AI,Svær computer,Starke KI,IA Difícil,Difficile,IA Difícil
form/GameMenu,team,Team {0},Hold {0},Team {0},Equipo {0},Team {0},Equipe {0}
form/GameMenu,player,Player {0}:,Spiller {0}:,Spieler {0}:,Jugador {0}:,Giocatore {0}:,Jogador {0}:
form/GameMenu,connection_lost,Connection to game host lost,Mistede forbindelsen til værten,Die Verbindung zum Spielhost wurde abgebrochen.,Perdida la conexión al anfitrión de la partida,Connessione persa con il server,Conexão ao host do jogo foi perdida
form/GameMenu,left_game,{0} has left the game.,{0} har forladt spillet.,{0} hat das Spiel verlassen.,{0} ha salido de la partida.,{0} ha lasciato il gioco.,{0} saiu da partida.
form/GameMenu,joined_game,{0} has joined the game.,{0} har tilsluttet sig til spillet,{0} ist dem Spiel beigetreten.,{0} se ha unido a la partida,{0} si è unito al gioco.,{0} se juntou à partida.
form/GameMenu,min_teams,There must be at least {0} teams in the game.,Der skal være mindst {0} hold i spillet.,Es müssen mindestens {0} Teams im Spiel sein.,Debe haber al menos {0} equipos en la partida.,Ci devono essere almeno {0} team nel gioco.,Precisam-se ter no mínimo {0} equipes na partida.
form/InGameChatForm,chat,Chat,Chat,Chat,Charla,Chatta,Chat
form/InGameChatForm,send,Send,Send,Senden,Enviar,Invia,Enviar
form/InGameChatForm,send_to_all,Send to all,Send til alle,An alle senden,Enviar a todos,Invia a tutti,Enviar para todos
form/InGameChatForm,send_to_team,Send to team,Send til holdet,An Team senden,Enviar al equipo,Invia al team,Enviar para a equipe
form/InGameChatForm,normal_chat,{0}:,{0}:,{0}:,{0}:,{0}:,{0}:
form/InGameChatForm,team_chat,TEAM {0}:,HOLD {0}:,TEAM {0},EQUIPO {0}:,TEAM {0}:,EQUIPE {0}:
form/InGameChatForm,private_chat,PRIVATE {0}:,PRIVAT {0}:,PRIVAT {0}:,PRIVADO {0}:,PRIVATO {0}:,PRIVADO {0}:
form/InfoForm,profile,Profile info,Profilinformation,Profilinfo,Información del Perfil,Info profilo,Informação do perfil
form/InfoForm,name,Name:,Navn:,Name:,Nombre:,Nome:,Nome:
form/InfoForm,rating,Rating:,Ligapoint:,Einstufung:,Puntuación:,Voto:,Pontuação:
form/InfoForm,wins,Wins:,Sejre:,Siege:,Victorias:,Vittorie:,Vitórias:
form/InfoForm,losses,Losses:,Nederlag:,Niederlagen:,Derrotas:,Sconfitte:,Derrotas:
form/InfoForm,invalid,Invalid:,Ugyldige:,Ungültig:,No Válidas:,Invalide:,Inválido:
form/LoginForm,login_caption,Login,Login,Login,Registro,Login,Login
form/LoginForm,username,Username:,Brugernavn:,Benutzername:,Nombre de usuario:,Utente:,Nome de usuário:
form/LoginForm,password,Password:,Kodeord:,Kennwort:,Contraseña:,Password:,Senha:
form/LoginForm,remember_login,Remember login,Husk login,Login speichern,Recordar datos de registro,Ricorda utente,Lembrar login
form/LoginForm,new_account,New account,Ny konto,Neues Konto,Nueva cuenta,Nuovo utente,Nova conta
form/LoginForm,login,Login,Login,Login,Conectarse,Login,Logar
form/LoginForm,invalid_login,Invalid login.,Ugyldigt login.,Login ungültig.,registro no válido.,Utente non valido.,Login inválido.
form/MapcodeForm,map_code,Map code:,Ø-kode:,Kartencode:,Código del mapa:,Codice Mappa:,Código do mapa:
form/MapcodeForm,randomize,Randomize,Tilfældig ø,Zufällig,Aleatorio,Casuale,Randomizar
form/MatchmakingConnectingForm,connecting,Connecting...,Forbinder...,Verbindung wird hergestellt ...,Conectando,Connessione...,Conectando...
form/MatchmakingConnectingForm,connection_failed,Connection to matchmaking server failed. Make sure your internet connection is online and that the game is fully updated.,"Forbindelse til serveren mislykkedes. Sørg for at din internetforbindelse er online, og at spillet er fuldt opdateret.","Die Verbindung zum Spielervermittlungsserver ist fehlgeschlagen. Stellen Sie Sicher, dass Sie mit dem Internet verbunden sind und dass das Spiel auf dem aktuellen Stand ist.",Falló la conexión al servidor matchmaking. Asegúrate que tu conexión a internet está activa y que el juego está correctamente actualizado.,Connessione al server fallita. Assicurati di essere connesso ad internet e che il gioco sia aggiornato.,Conexão para o servidor de matchmaking falhou. Certifique-se de que sua conexão de internet está online e que o jogo está totalmente atualizado.
form/MatchmakingConnectingForm,username_error_too_many,ERROR: Your registration key is already used for another account.,FEJL: Din registreringsnøgle er allerede i brug fra en anden konto.,FEHLER: Ihr Registrierungsschlüssel wird bereits für ein anderes Konto verwendet.,ERROR: Tu clave de registro está siendo utilizado por otra cuenta.,ERRORE: La tua chiave di registrazione è già usata per un''altro utente.,ERRO: Seu código de registro já está em uso em outra conta.
form/MatchmakingConnectingForm,user_error_invalid_email,ERROR: Invalid email address.,FEJL: Ugyldig email adresse.,FEHLER: Ungültige E-Mail-Adresse.,ERROR: Dirección de correo electrónico no válida.,ERROR: Indirizzo email non valido.,ERRO: Endereço de email inválido.
form/MatchmakingConnectingForm,user_error_no_such_user,ERROR: The user does not exist or the password is wrong.,FEJL: Bruger findes ikke eller koderordet er forkert.,"FEHLER: Dieser Benutzer existiert nicht, oder das Kennwort ist falsch.",ERROR: el usuario no existe o la contraseña es incorrecta.,ERROR: L''utente non esiste o la password è errata.,ERRO: O usuário não existe ou a senha está incorreta.
form/MatchmakingConnectingForm,user_error_version_too_old,ERROR: You need to update your version of Tribal Trouble. Update the game on Steam or download the latest from https://tribaltrouble.org,FEJL: Du skal opdatere din version af Tribal Trouble. Opdater spillet på Steam eller hent den nyeste version fra https://tribaltrouble.org,FEHLER: Sie müssen Ihre Version von Tribal Trouble aktualisieren. Aktualisieren Sie das Spiel auf Steam oder laden Sie die neueste Version von https://tribaltrouble.org herunter,ERROR: Necesitas actualizar tu versión de Tribal Trouble. Actualiza el juego en Steam o descarga la última versión desde https://tribaltrouble.org,ERRORE: Devi aggiornare la tua versione di Tribal Trouble. Aggiorna il gioco su Steam o scarica l'ultima versione da https://tribaltrouble.org,ERRO: Você precisa atualizar a sua versão de Tribal Trouble. Atualize o jogo na Steam ou baixe a versão mais recente pelo site: https://tribaltrouble.org
form/MatchmakingConnectingForm,username_error_already_exists,ERROR: A user with that name already exists.,FEJL: En bruger med det navn findes allerede.,FEHLER: Ein Benutzer mit diesem Namen besteht bereits.,ERROR: Ya existe un usuario con ese nombre.,ERRORE: Esiste già un utente con quel nome.,ERRO: Um usuário com esse nome já existe.
form/MatchmakingConnectingForm,username_error_invalid_characters,ERROR: Username contains invalid characters.,FEJL: Brugernavnet indeholder ugyldige tegn.,FEHLER: Der Benutzername enthält ungültige Zeichen.,ERROR: El nombre de usuario contiene caracteres no válidos.,ERROR: Il nome utente contiene caratteri non validi .,ERRO: Nome de usuário contém caracteres inválidos.
form/MatchmakingConnectingForm,username_error_too_short,ERROR: Username too short.,FEJL: Brugernavnet er for kort.,FEHLER: Der Benutzername ist zu kurz.,ERROR: Nombre de usuario demasiado corto.,ERROR: Nome utente troppo corto.,ERRO: Nome de usuário muito curto.
form/MatchmakingConnectingForm,username_error_too_long,ERROR: Username too long.,FEJL: Brugernavnet er for langt.,FEHLER: Der Benutzername ist zu lang.,ERROR: Nombre de usuario demasiado largo.,ERROR: Nome utente troppo lungo.,ERRO: Nome de usuário muito comprido.
form/MatchmakingConnectingForm,user_error_steam_required,ERROR: This server requires Steam login. Launch Tribal Trouble through Steam to connect.,FEJL: Denne server kræver Steam-login. Start Tribal Trouble gennem Steam for at oprette forbindelse.,"FEHLER: Dieser Server erfordert eine Steam-Anmeldung. Starte Tribal Trouble über Steam, um eine Verbindung herzustellen.",ERROR: Este servidor requiere inicio de sesión en Steam. Inicia Tribal Trouble a través de Steam para conectarte.,ERRORE: Questo server richiede il login a Steam. Avvia Tribal Trouble tramite Steam per connetterti.,ERRO: Esse servidor requer um login da Steam. Inicie Tribal Trouble através da Steam para conectar.
form/ModeAndPresetsPanel,caption,Mode & presets,Tilstand og forudindstillinger,Modus & Voreinstellungen,Modo y preajustes,Modalità e preimpostazioni,Modo & predefinições
form/ModeAndPresetsPanel,mode_label,Mode:,Mode:,Modus:,Modo:,Modalità:,Modo:
form/ModeAndPresetsPanel,standard_title,Standard,Standard,Standard,Estándar,Standard,Padrão
form/ModeAndPresetsPanel,save_card,+ Save current as preset,+ Gem nuværende som forudindstilling,+ Aktuellen Wert als Voreinstellung speichern,+ Guardar la configuración actual como preajuste,+ Salva la configurazione corrente come predefinita,+ Salvar atual como predefinição
form/ModeAndPresetsPanel,banner_preset,Preset: {0},Forudindstilling: {0},Voreinstellung: {0},Preestablecido: {0},Preimpostazione: {0},Predefinição: {0}
form/ModeAndPresetsPanel,banner_no_preset,(none),(ingen),(keiner),(ninguno),(nessuno),(nenhum)
form/ModeAndPresetsPanel,banner_modified,(modified),(ændret),(modifiziert),(modificado),(modificato),(modificado)
form/ModeAndPresetsPanel,reset_button,Reset,Nulstil,Zurücksetzen,Reiniciar,Reset,Resetar
form/ModeAndPresetsPanel,update_button,Update,Opdatering,Aktualisieren,Actualizar,Aggiornamento,Atualizar
form/NewCampaignForm,caption,New Campaign,Nyt Felttog,Neuer Feldzug,Campaña nueva,Nuova Campagna,Nova Campanha
form/NewCampaignForm,name,Name:,Navn:,Name:,Nombre:,Nome:,Nome:
form/NewCampaignForm,race,Race:,Folk:,Volk:,Raza:,Razza:,Raça:
form/NewCampaignForm,vikings,Vikings,Vikinger,Wikinger,Vikingos,Vichinghi,Vikings
form/NewCampaignForm,natives,Natives,Indfødte,Eingeborene,Indígenas,Nativi,Indígenas
form/NewCampaignForm,difficulty,Difficulty:,Sværhedsgrad:,Schwierigkeitsstufe:,Dificultad:,Difficoltà:,Dificuldade:
form/NewCampaignForm,easy,Easy,Let,Leicht,Fácil,Facile,Fácil
form/NewCampaignForm,normal,Normal,Normal,Normal,Normal,Normale,Normal
form/NewCampaignForm,hard,Hard,Svær,Schwer,Difícil,Difficile,Difícil
form/NewCampaignForm,failed_message,Error accessing file {0}. Make sure the directory is accessible. ({1}),Fejl under åbning af filen {0}. Sørg for at mappen er tilgængelig. ({1}),"Fehler beim Zugreifen auf Datei {0}. Stellen Sie sicher, dass auf das Verzeichnis zugegriffen werden kann. ({1})",Error accediendo al fichero {0}. Asegúrate que el directorio es accesible. ({1}),Errore di accesso al file {0}. Assicurati che la cartella sia accessibile. ({1}),Erro ao acessar arquivo {0}. Tenha certeza de que o diretório é acessível. ({1})
form/NewCampaignForm,invalid,Invalid name,Ugyldigt navn,Ungültiger Name,Nombre no válido,Nome invalido,Nome inválido
form/NewCampaignForm,exists,Name already exists,Navnet findes allerede,Der Name besteht bereits,Ese nombre ya existe,Il nome esiste già,Nome já existe
form/NewCampaignForm,native_unavailable,The Viking campaign must be completed first.,Vikingefelttoget skal gennemføres først.,Der Wikingerfeldzug muss zuerst beendet werden.,Antes debes completar la campaña vikinga.,Devi completare prima la campagna Vichinga.,A campanha Viking precisa ser completada primeiro.
form/NewProfileForm,create_profile_caption,Create new profile,Opret ny profil,Neues Profil erstellen,Crear nuevo perfil,Crea un nuovo profilo,Crie um novo perfil
form/NewProfileForm,nick,Profile nick:,Profilnavn:,Profilnick:,Nick del perfil:,Nick profilo:,Apelido do perfil:
form/NewProfileForm,create_profile,Create profile,Opret profil,Profil erstellen,Crear perfil,Crea profilo,Criar perfil
form/NewUserForm,create_new_user_caption,Create new user,Opret ny bruger,Neuen Benutzer erstellen,Crear nuevo usuario,Crea nuovo utente,Criar novo usuário
form/NewUserForm,user_name,User name:,Brugernavn:,Benutzername:,Nombre de usuario:,Nome utente:,Nome de usuário:
form/NewUserForm,email,Email:,Email:,E-Mail:,Email:,Email:,Email:
form/NewUserForm,password,Password:,Kodeord:,Kennwort:,Contraseña:,Password:,Senha:
form/NewUserForm,reenter_password,Re-enter password:,Indtast kodeord igen:,Kennwort erneut eingeben:,Re-introduce la contraseña:,Ridigita la password:,Insira a senha novamente:
form/NewUserForm,one_user_per_key,Note that you can only create one user per registration key.,Bemærk at du kun kan oprette en bruger per registreringsnøgle.,"Beachten Sie, dass nur ein Benutzer pro Registrierungsschlüssel erstellt werden kann.",Date cuenta que sólo puedes crear un usuario por clave de registro.,Nota: puoi creare un solo utente per chiave di registrazione.,Lembre-se de que você pode apenas criar um usuário por código de registro.
form/NewUserForm,create_user,Create User,Opret bruger,Benutzer erstellen,Crear usuario,Crea Utente,Criar usuário
form/NewUserForm,no_match,"Passwords don''t match, please re-enter.",Kodeordene passer ikke sammen. Indtast dem igen.,"Die Kennwörter stimmen nicht überein, wiederholen Sie die Eingabe.",Las contraseñas no coinciden. Vuelve a teclearlas.,"Password errata, ridigitare.","As senhas não batem, por favor, insira novamente."
form/NewUserForm,min_length_error,Password must be at least {0} characters.,Kodeordet skal være mindst {0} tegn langt.,Das Kennwort muss mindestens {0} Zeichen umfassen.,La contraseña debe tener al menos {0} caracteres.,La password dev''essere lunga minimo {0} caratteri.,A senha deve conter pelo menos {0} caracteres.
form/NewUserForm,invalid_email,Invalid email address.,Ugyldig email adresse.,Ungültige E-Mail-Adresse.,Email no válido.,Indirizzo email non valido.,Endereço de email inválido.
form/NewUserForm,invalid_login,Login is not valid.,Login er ugyldigt.,Ungültiges Login.,Login no válido.,Nome utente non valido.,Login não é válido.
form/OptionsMenu,options_caption,Options,Indstillinger,Optionen,Opciones,Opzioni,Opções
form/OptionsMenu,general_settings_caption,General,Generelt,Allgemein,General,Generale,Geral
form/OptionsMenu,graphics_caption,Graphics,Grafik,Grafik,Gráficos,Grafica,Gráficos
form/OptionsMenu,accessibility_caption,Accessibility,Tilgængelighed,Barrierefreiheit,Accesibilidad,Accessibilità,Acessibilidade
form/OptionsMenu,sound_caption,Sound,Lyd,Sound,Sonido,Suono,Som
form/OptionsMenu,report_bug_caption,Report bug,Fejlrapport,Fehler melden,Informe de Error,Rapporto di errore,Reporte um bug
form/OptionsMenu,music,Music,Musik,Musik,Música,Musica,Música
form/OptionsMenu,music_volume,Music volume:,Musikvolumen:,Lautstärke Musik:,Volumen de música:,Volume musica:,Volume da música:
form/OptionsMenu,low,Low,Lav,Niedrig,Bajo,Basso,Baixo
form/OptionsMenu,medium,Medium,Medium,Mittel,Medio,Medio,Médio
form/OptionsMenu,high,High,Høj,Hoch,Alto,Alto,Alto
form/OptionsMenu,sound_effects,Sound effects,Lydeffekter,Soundeffekte,Efectos de Sonido,Effetti sonori,Efeitos sonoros
form/OptionsMenu,sound_effects_volume,Sound effects volume:,Lydeffektvolumen:,Soundeffektlautstärke:,Volumen de los efectos de sonido:,Volume effetti sonori:,Volume dos efeitos sonoros:
form/OptionsMenu,fullscreen,Fullscreen,Fuldskærm,Vollbildmodus,Pantalla completa,Schermo intero,Tela cheia
form/OptionsMenu,fullscreen_tip,Run game in fullscreen mode,Kør spil i fuldskærm,Spiel im Vollbildmodus ausführen,Ejecutar juego en modo de pantalla completa.,Gioca a schermo intero,Rodar jogo no modo de tela cheia
form/OptionsMenu,confine_cursor,Confine cursor to window,Begræns markøren til vinduet,Cursor auf Fenster beschränken,Limitar el cursor a la ventana,Limita il cursore alla finestra,Confinar cursor para a janela
form/OptionsMenu,confine_cursor_tip,Lock the mouse pointer inside the game window,Lås musemarkøren inde i spilvinduet,Den Mauszeiger im Spielfenster fixieren,Bloquear el puntero del ratón dentro de la ventana del juego.,Blocca il puntatore del mouse all'interno della finestra di gioco.,Travar o ponteiro doo mouse dentro da janela do jogo
form/OptionsMenu,hardware_cursor,Hardware cursor,Hardwaremarkør,Hardwarecursor,Cursor acelerado por hardware,Cursore Hardware,Cursor do hardware
form/OptionsMenu,hardware_cursor_tip,Hardware accelerated cursor ({0}),Hardwareaccelereret markør ({0}),Mauszeiger hardwarebeschleunigt ({0}),Cursor acelerado por hardware ({0}),Cursore Hardware accelerato ({0}),Cursor acelerado pelo hardware ({0})
form/OptionsMenu,ui_scale,UI Scale,UI-skalering,UI-Skalierung,Escala de la IU,Scala interfaccia,Escala da UI
form/OptionsMenu,invert_camera_pitch,Invert vertical axis,Inverter lodret akse,Vertikale Achse umkehren,Invertir eje vertical,Inverti asse verticale,Inverter eixo vertical
form/OptionsMenu,invert_camera_pitch_tip,Invert vertical camera controls,Inverter lodrette kamerakontroller,Vertikale Kamerasteuerung umkehren,Invertir controles de cámara vertical,Inverti i controlli verticali della telecamera,Inverter controles verticais da câmera
form/OptionsMenu,invert_camera_yaw,Invert horizontal axis,Inverter vandret akse,Horizontale Achse umkehren,Invertir eje horizontal,Inverti asse orizzontale,Inverter eixo horizontal
form/OptionsMenu,invert_camera_yaw_tip,Invert horizontal camera controls,Inverter vandrette kamerakontroller,Horizontale Kamerasteuerung umkehren,Invertir controles de cámara horizontales,Inverti i controlli orizzontali della telecamera,Inverter controles horizontais da câmera
form/OptionsMenu,aggressive_units,Aggressive units,Aggressive enheder,Agressive Einheiten,Unidades agresivas,Unità aggressive,Unidades agressivas
form/OptionsMenu,aggressive_units_tip,Units attack on sight when moving ({0}),Enheder i bevægelse angriber fjender i nærheden ({0}),Einheiten greifen bei Bewegung alles in Sichtweite an ({0}),Las unidades atacan al avistar mientras se mueven ({0}),Le unità attaccano a vista quando si muovono ({0}),Unidades atacam ao avistarem unidades inimigas enquanto se movem ({0})
form/OptionsMenu,show_compass,Show compass,Vis kompas,Kompass anzeigen,Mostrar brújula,Mostra bussola,Mostrar bússula
form/OptionsMenu,show_compass_tip,Display the compass indicator in the bottom-right corner,Vis kompasindikator i nederste højre hjørne,Zeige den Kompassanzeiger in der unteren rechten Ecke an,Mostrar el indicador de brújula en la esquina inferior derecha,Mostra l'indicatore della bussola nell'angolo in basso a destra,Mostrar o indicador de bússula no canto inferior direito
form/OptionsMenu,multiplayer_domain,Multiplayer Domain,Multiplayer-domæne,Mehrspieler-Domäne,Dominio multijugador,Dominio multigiocatore,Domínio Multijogador
form/OptionsMenu,domain_update,Update,Opdatering,Aktualisieren,Actualizar,Aggiornamento,Atualizar
form/OptionsMenu,domain_reset,Reset,Nulstil,Zurücksetzen,Reiniciar,Reset,Resetar
form/OptionsMenu,domain_updated,Updated!,Opdateret!,Aktualisiert!,¡Actualizado!,Aggiornato!,Atualizado!
form/OptionsMenu,graphical_detail,Graphical detail:,Grafisk detaljegrad:,Grafikdetails:,Detalle Gráfico:,Dettaglio grafico:,Detalhe gráfico:
form/OptionsMenu,display_mode,Display mode,Opløsning,Anzeigemodus,Modo de visualización,Modo display,Modo de exibição
form/OptionsMenu,mode,{0}x{1} {2} Hz,{0}x{1} {2} Hz,{0}x{1} {2} Hz,{0}x{1} {2} Hz,{0}x{1} {2} Hz,{0}x{1} {2} Hz
form/OptionsMenu,map_mode_delay,Map mode delay:,Oversigtskort forsinkelse:,Verzögerung Kartenmodus:,Retraso del modo mapa:,Ritardo modo mappa:,Atraso no modo mapa:
form/OptionsMenu,delay_none,None,Ingen,Ohne,Ninguno,Nessuno,Nenhum
form/OptionsMenu,delay_high,High,Meget,Hoch,Alto,Alto,Alto
form/OptionsMenu,tool_tip_delay,Tool tip delay:,Værktøjstip forsinkelse:,Verzögerung Quickinfo:,Retraso de la ayuda de herramientas:,Ritardo tips:,Atraso da dica de ferramenta:
form/OptionsMenu,gamespeed,Game speed:,Hastighed:,Spielgeschwindigkeit:,Velocidad del juego:,Velocità gioco:,Velocidade de jogo:
form/OptionsMenu,report_bug_text,"If you think you have encountered an error in Tribal Trouble, use this feature to report it to Oddlabs. Please note that when submitting a bug report, a log containing all your keyboard and mouse input during the current game session as well as information about your graphics card drivers and operating system will be submitted to Oddlabs along with your description of the problem. This information allows us to fix errors in the game much easier.","Hvis du tror, du har fundet en fejl i Tribal Trouble, så brug dette værktøj til at rapportere det til Oddlabs. Bemærk at når du sender en fejlrapport, vil en log, som indeholder alle dine tastatur- og musebevægelser foretaget i spillet siden sidste start, blive sendt til Oddlabs. Det samme gælder information om dine grafikkort-drivere og dit styresystem. Disse informationer gør det meget lettere for os at rette fejl i spillet.","Wenn Sie glauben, einen Fehler bei Tribal Trouble, entdeckt zu haben, können Sie ihn mit diesen Feature an Oddlabs melden. Beachten Sie, dass mit dem Fehlerbericht auch ein Protokoll all Ihrer Tastatur- und Mauseingaben während dieses Spiels sowie Informationen über Grafikkartentreiber und Betriebssystem an Oddlabs gesendet werden. Durch diese Informationen können wir Probleme im Spiel besser beheben.","Si crees que has encontrado un error en Tribal Trouble, usa esta opción para informar a Oddlabs. Date cuenta que cuando envías un informe de error, un registro con todas las entradas de ratón y teclado durante la actual sesión de juego, así como información sobre tu driver gráfico y tu sistema operativo, serán enviados a Oddlabs junto a tu descripción del problema. Esta información nos permite arreglar el error con mucha más facilidad.","Se hai avuto un problema giocando a Tribal Trouble, utilizza il rapporto di errore per segnalarlo a Oddlabs. Nota che quando invii un rapporto, un log contenente tutti i tasti premuti durante la sessione di gioco e tutte le informazione sulla tua scheda grafica e sul tuo sistema operativo, saranno inviate alla Oddlabs assieme alla tua descrizione del problema. Queste informazioni ci aiuteranno a risolvere il problema più facilmente.","Se você acha que encontrou um erro em Tribal Trouble, utilize essa função para reportar ele para Oddlabs. Por favor, entenda que ao enviar um relatório de bug, um documento contendo todos os seus inputs de teclado e mouse durante a sessão atual de jogo como também as informações sobre seus drivers de placa de vídeo e sistema operacional serão enviados para Oddlabs junto da sua descrição do problema. Essa informação nos permite arrumar erros no jogo muito mais fácil."
form/OptionsMenu,report_bug,Report bug,Rapporter fejl,Fehler melden,Informe de Error,Rapporto di errore,Reportar bug
form/OptionsMenu,close,Close,Luk,Schließen,Cerrar,Chiudi,Fechar
form/OptionsMenu,about,About...,Om...,Info ...,Acerca de...,Informazioni...,Sobre...
form/OptionsMenu,change_next_run,The graphic detail change will take effect the next time you start the game.,Den grafiske detaljegrad vil blive indstillet næste gang du starter spillet.,Die Änderungen der Grafikdetails werden beim nächsten Starten des Spiels wirksam.,Los cambios en el detalle gráfico se aplicarán la próxima vez que entres en el juego.,Il cambio dettaglio grafico avrà effetto al prossimo avvio del gioco.,A mudança no detalhe gráfico vai ter efeito na próxima vez que você iniciar o jogo.
form/OptionsMenu,language_caption,Language,Sprog,Sprache,Idioma,Lingua,Língua
form/OptionsMenu,language_label,Language,Sprog,Sprache,Idioma,Lingua,Língua
form/OptionsMenu,language_change_next_run,The language will be changed the next time you start the game.,Sproget vil blive ændret næste gang du starter spillet,Die Spracheinstellung wird beim nächsten Starten des Spiels geändert.,El idioma será cambiado la próxima vez que entres en el juego.,La lingua sarà cambiata al prossimo avvio del gioco.,A língua vai ser alterada na próxima vez que você iniciar o jogo.
form/OptionsMenu,system_default,System default,Systemstandard,Systemstandard,Configuración por defecto,Default di sistema,Padrão do sistema
form/OptionsMenu,high_contrast,High Contrast,Høj kontrast,Hoher Kontrast,Alto Contraste,Alto Contrasto,Alto contraste
form/OptionsMenu,high_contrast_tip,Enhances visibility of game elements,Forbedrer synligheden af spilelementer,Verbessert die Sichtbarkeit von Spielelementen,Mejora la visibilidad de los elementos del juego,Migliora la visibilità degli elementi di gioco,Melhora a visibilidade dos elementos do jogo
form/OptionsMenu,contrast_intensity,Contrast Intensity:,Kontrastintensitet:,Kontrastintensität:,Intensidad de Contraste:,Intensità Contrasto:,Intensidade do contraste:
form/OptionsMenu,colour_vision,Colour Mode:,Farvetilstand:,Farbmodus:,Modo de Color:,Modalità Colore:,Modo de cor:
form/OptionsMenu,cvd_intensity,Correction Intensity:,Korrektionsintensitet:,Korrekturintensität:,Intensidad de Corrección:,Intensità Correzione:,Intensidade da Correção:
form/OptionsMenu,cvd_standard,Standard,Standard,Standard,Estándar,Standard,Padrão
form/OptionsMenu,cvd_protanopia,Protanopia,Protanopi,Protanopie,Protanopía,Protanopia,Protanopia
form/OptionsMenu,cvd_deuteranopia,Deuteranopia,Deuteranopi,Deuteranopie,Deuteranopía,Deuteranopia,Deuteranopia
form/OptionsMenu,cvd_tritanopia,Tritanopia,Tritanopi,Tritanopie,Tritanopía,Tritanopia,Tritanopia
form/OptionsMenu,team_stencil,Team Overlay,Holdoverlejring,Team-Overlay,Superposición de equipo,Sovrapposizione squadra,Revestimento da equipe
form/OptionsMenu,team_stencil_tip,Highlights units and buildings with team colour,Fremhæver enheder og bygninger med holdfarve,Hebt Einheiten und Gebäude in Teamfarbe hervor,Resalta unidades y edificios con el color del equipo,Evidenzia unità ed edifici con il colore della squadra,Marca unidades e edifícios com a cor da equipe
form/OptionsMenu,team_colours,Team Colours:,Holdfarver:,Teamfarben:,Colores de Equipo:,Colori Squadra:,Cores de equipe:
form/OptionsMenu,player,Player {0},Spiller {0},Spieler {0},Jugador {0},Giocatore {0},Jogador {0}
form/OptionsMenu,reset,Reset,Nulstil,Zurücksetzen,Restablecer,Reimposta,Resetar
form/OptionsMenu,action.GLOBAL_QUIT,Quit Tribal Trouble,Afslut Tribal Trouble,Tribal Trouble Beenden,Salir de Tribal Trouble,Esci da Tribal Trouble,Sair de Tribal Trouble
form/OptionsMenu,action.GLOBAL_TOGGLE_FULLSCREEN,Toggle Fullscreen,Skift Fuldskærm,Vollbild Umschalten,Pantalla Completa,Attiva/Disattiva Schermo Intero,Habilitar Fullscreen
form/OptionsMenu,action.GLOBAL_SCREENSHOT,Take Screenshot,Tag Screenshot,Screenshot Aufnehmen,Captura de Pantalla,Cattura Schermata,Tirar Captura de Tela
form/OptionsMenu,action.GLOBAL_CHAT,Open Chat,Åbn Chat,Chat Öffnen,Abrir Chat,Apri Chat,Abrir Chat
form/OptionsMenu,action.GLOBAL_CHAT_TEAM,Open Team Chat,Åbn teamchat,Team-Chat öffnen,Abrir chat de equipo,Chat di gruppo aperta,Abrir Chat de Equipe
form/OptionsMenu,action.GLOBAL_MENU,Main Menu,Hovedmenu,Hauptmenü,Menú Principal,Menu Principale,Menu Principal
form/OptionsMenu,action.GLOBAL_TOGGLE_STATUS,Toggle Status Display,Skift Statusvisning,Statusanzeige Umschalten,Mostrar Estado,Attiva/Disattiva Stato,Habilitar Exibição de Status
form/OptionsMenu,action.GLOBAL_AGGRESSIVE_UNITS,Toggle Aggressive Units,Skift Aggressive Enheder,Aggressive Einheiten Umschalten,Unidades Agresivas,Attiva/Disattiva Unità Aggressive,Habilitar Unidades Agressivas
form/OptionsMenu,action.CAMERA_PAN_LEFT,Pan Left,Panorer Venstre,Kamera Links,Panorámica Izquierda,Panoramica Sinistra,Panorâmica Esquerda
form/OptionsMenu,action.CAMERA_PAN_RIGHT,Pan Right,Panorer Højre,Kamera Rechts,Panorámica Derecha,Panoramica Destra,Panorâmica Direita
form/OptionsMenu,action.CAMERA_PAN_UP,Pan Up,Panorer Op,Kamera Hoch,Panorámica Arriba,Panoramica Su,Panoramica Para Cima
form/OptionsMenu,action.CAMERA_PAN_DOWN,Pan Down,Panorer Ned,Kamera Runter,Panorámica Abajo,Panoramica Giù,Panorâmica Para Baixo
form/OptionsMenu,action.CAMERA_PITCH_UP,Pitch Up,Hæld Op,Neigen Hoch,Inclinar Arriba,Inclinazione Su,Inclinar Para Cima
form/OptionsMenu,action.CAMERA_PITCH_DOWN,Pitch Down,Hæld Ned,Neigen Runter,Inclinar Abajo,Inclinazione Giù,Inclinar Para Baixo
form/OptionsMenu,action.CAMERA_ROTATE_LEFT,Rotate Left,Roter Venstre,Rotieren Links,Rotar Izquierda,Ruota Sinistra,Girar Para Esquerda
form/OptionsMenu,action.CAMERA_ROTATE_RIGHT,Rotate Right,Roter Højre,Rotieren Rechts,Rotar Derecha,Ruota Destra,Girar Para Direita
form/OptionsMenu,action.CAMERA_ZOOM_IN,Zoom In,Zoom Ind,Zoom Rein,Acercar,Zoom Avanti,Aproximar
form/OptionsMenu,action.CAMERA_ZOOM_OUT,Zoom Out,Zoom Ud,Zoom Raus,Alejar,Zoom Indietro,Distanciar
form/OptionsMenu,action.CAMERA_MAP_MODE,Map Mode,Korttilstand,Kartenmodus,Modo Mapa,Modalità Mappa,Modo Mapa
form/OptionsMenu,action.CAMERA_FIRST_PERSON,First Person View,First Person View,Ego-Perspektive,Vista Primera Persona,Vista Prima Persona,Visão em Primeira Pessoa
form/OptionsMenu,action.CAMERA_ZOOM_MODE,Zoom Mode,Zoomtilstand,Zoom-Modus,Modo Zoom,Modalità Zoom,Modo Zoom
form/OptionsMenu,action.UI_ACTIVATE,Activate,Aktiver,Aktivieren,Activar,Attiva,Ativar
form/OptionsMenu,action.UI_CANCEL,Cancel,Annuller,Abbrechen,Cancelar,Annulla,Cancelar
form/OptionsMenu,action.UI_FOCUS_NEXT,Focus Next,Fokusér Næste,Nächster Fokus,Foco Siguiente,Fuoco Successivo,Foco no Próximo
form/OptionsMenu,action.UI_FOCUS_PREV,Focus Previous,Fokusér Forrige,Vorheriger Fokus,Foco Anterior,Fuoco Precedente,Foco no Anterior
form/OptionsMenu,action.UI_NEXT_PANEL,Next Panel,Næste Panel,Nächstes Panel,Panel Siguiente,Pannello Successivo,Próximo Painél
form/OptionsMenu,action.UI_PREV_PANEL,Previous Panel,Forrige Panel,Vorheriges Panel,Panel Anterior,Pannello Precedente,Painél Anterior
form/OptionsMenu,action.UI_NAV_UP,Navigate Up,Naviger Op,Navigieren Hoch,Navegar Arriba,Naviga Su,Navegar Para Cima
form/OptionsMenu,action.UI_NAV_DOWN,Navigate Down,Naviger Ned,Navigieren Runter,Navegar Abajo,Naviga Giù,Navegar Para Baixo
form/OptionsMenu,action.UI_NAV_LEFT,Navigate Left,Naviger Venstre,Navigieren Links,Navegar Izquierda,Naviga Sinistra,Navegar Para Esquerda
form/OptionsMenu,action.UI_NAV_RIGHT,Navigate Right,Naviger Højre,Navigieren Rechts,Navegar Derecha,Naviga Destra,Navegar Para Direita
form/OptionsMenu,action.UI_NAV_HOME,Navigate Home,Naviger Hjem,Navigieren Start,Navegar Inicio,Naviga Inizio,Navegar Para Origem
form/OptionsMenu,action.UI_NAV_END,Navigate End,Naviger Slut,Navigieren Ende,Navegar Fin,Naviga Fine,Navegar Para O Fim
form/OptionsMenu,action.UI_NAV_PAGE_UP,Page Up,Side Op,Seite Hoch,Página Arriba,Pagina Su,Page Up
form/OptionsMenu,action.UI_NAV_PAGE_DOWN,Page Down,Side Ned,Seite Runter,Página Abajo,Pagina Giù,Page Down
form/OptionsMenu,action.UI_BACKSPACE,Backspace,Backspace,Rücktaste,Retroceso,Backspace,Backspace
form/OptionsMenu,action.UI_DELETE,Delete,Slet,Entfernen,Suprimir,Cancella,Apagar
form/OptionsMenu,action.UNIT_MOVE,Move,Flyt,Bewegen,Mover,Muovi,Mover
form/OptionsMenu,action.UNIT_ATTACK,Attack,Angrib,Angreifen,Atacar,Attacca,Atacar
form/OptionsMenu,action.UNIT_GATHER,Gather / Repair,Saml / Reparer,Sammeln / Reparieren,Recolectar / Reparar,Raccogli / Ripara,Coletar / Reparar
form/OptionsMenu,action.UNIT_BUILD_QUARTERS,Build Quarters,Byg Kvarter,Quartier Bauen,Construir Cuartel,Costruisci Quartier Generale,Construir Alojamento
form/OptionsMenu,action.UNIT_BUILD_ARMORY,Build Armory,Byg Våbenhus,Waffenkammer Bauen,Construir Armería,Costruisci Armeria,Construir Armaria
form/OptionsMenu,action.UNIT_BUILD_TOWER,Build Tower,Byg Tårn,Turm Bauen,Construir Torre,Costruisci Nave,Construir Torre
form/OptionsMenu,action.UNIT_BUILD_SHIP,Build Ship,Byg Skib,Schiff Bauen,Construir Nave,Costruisci la nave,Construir Navio
form/OptionsMenu,action.UNIT_EXIT_TOWER,Exit Tower,Forlad Tårn,Turm Verlassen,Salir Torre,Esci dalla Torre,Sair da Torre
form/OptionsMenu,action.UNIT_BEACON,Place Beacon,Placer Vartegn,Signalfeuer Platzieren,Colocar Baliza,Posiziona Segnale,Colocar Marcação
form/OptionsMenu,action.UNIT_NEXT_IDLE,Next Idle Peon,Næste Ledige Arbejder,Nächster Untätiger Peon,Siguiente Peón Inactivo,Prossimo Peon Inattivo,Próximo Peão Ocioso
form/OptionsMenu,action.UNIT_SET_RALLY,Set Rally Point,Sæt Samlingspunkt,Sammelpunkt Setzen,Establecer Punto de Reunión,Imposta Punto di Raduno,Colocar Ponto de Encontro
form/OptionsMenu,action.GAMEPLAY_BACK,Back,Tilbage,Zurück,Atrás,Indietro,Voltar
form/OptionsMenu,action.ARMY_SELECT_0,Select Army 0,Vælg Hær 0,Armee 0 Auswählen,Seleccionar Ejército 0,Seleziona Armata 0,Selecionar Exército 0
form/OptionsMenu,action.ARMY_SELECT_1,Select Army 1,Vælg Hær 1,Armee 1 Auswählen,Seleccionar Ejército 1,Seleziona Armata 1,Selecionar Exército 1
form/OptionsMenu,action.ARMY_SELECT_2,Select Army 2,Vælg Hær 2,Armee 2 Auswählen,Seleccionar Ejército 2,Seleziona Armata 2,Selecionar Exército 2
form/OptionsMenu,action.ARMY_SELECT_3,Select Army 3,Vælg Hær 3,Armee 3 Auswählen,Seleccionar Ejército 3,Seleziona Armata 3,Selecionar Exército 3
form/OptionsMenu,action.ARMY_SELECT_4,Select Army 4,Vælg Hær 4,Armee 4 Auswählen,Seleccionar Ejército 4,Seleziona Armata 4,Selecionar Exército 4
form/OptionsMenu,action.ARMY_SELECT_5,Select Army 5,Vælg Hær 5,Armee 5 Auswählen,Seleccionar Ejército 5,Seleziona Armata 5,Selecionar Exército 5
form/OptionsMenu,action.ARMY_SELECT_6,Select Army 6,Vælg Hær 6,Armee 6 Auswählen,Seleccionar Ejército 6,Seleziona Armata 6,Selecionar Exército 6
form/OptionsMenu,action.ARMY_SELECT_7,Select Army 7,Vælg Hær 7,Armee 7 Auswählen,Seleccionar Ejército 7,Seleziona Armata 7,Selecionar Exército 7
form/OptionsMenu,action.ARMY_SELECT_8,Select Army 8,Vælg Hær 8,Armee 8 Auswählen,Seleccionar Ejército 8,Seleziona Armata 8,Selecionar Exército 8
form/OptionsMenu,action.ARMY_SELECT_9,Select Army 9,Vælg Hær 9,Armee 9 Auswählen,Seleccionar Ejército 9,Seleziona Armata 9,Selecionar Exército 9
form/OptionsMenu,action.ARMY_CREATE_0,Create Army 0,Opret Hær 0,Armee 0 Erstellen,Crear Ejército 0,Crea Armata 0,Criar Exército 0
form/OptionsMenu,action.ARMY_CREATE_1,Create Army 1,Opret Hær 1,Armee 1 Erstellen,Crear Ejército 1,Crea Armata 1,Criar Exército 1
form/OptionsMenu,action.ARMY_CREATE_2,Create Army 2,Opret Hær 2,Armee 2 Erstellen,Crear Ejército 2,Crea Armata 2,Criar Exército 2
form/OptionsMenu,action.ARMY_CREATE_3,Create Army 3,Opret Hær 3,Armee 3 Erstellen,Crear Ejército 3,Crea Armata 3,Criar Exército 3
form/OptionsMenu,action.ARMY_CREATE_4,Create Army 4,Opret Hær 4,Armee 4 Erstellen,Crear Ejército 4,Crea Armata 4,Criar Exército 4
form/OptionsMenu,action.ARMY_CREATE_5,Create Army 5,Opret Hær 5,Armee 5 Erstellen,Crear Ejército 5,Crea Armata 5,Criar Exército 5
form/OptionsMenu,action.ARMY_CREATE_6,Create Army 6,Opret Hær 6,Armee 6 Erstellen,Crear Ejército 6,Crea Armata 6,Criar Exército 6
form/OptionsMenu,action.ARMY_CREATE_7,Create Army 7,Opret Hær 7,Armee 7 Erstellen,Crear Ejército 7,Crea Armata 7,Criar Exército 7
form/OptionsMenu,action.ARMY_CREATE_8,Create Army 8,Opret Hær 8,Armee 8 Erstellen,Crear Ejército 8,Crea Armata 8,Criar Exército 8
form/OptionsMenu,action.ARMY_CREATE_9,Create Army 9,Opret Hær 9,Armee 9 Erstellen,Crear Ejército 9,Crea Armata 9,Criar Exército 9
form/OptionsMenu,action.PROD_WEAPONS,Produce Weapons,Producer Våben,Waffen Produzieren,Producir Armas,Produci Armi,Produzir Armas
form/OptionsMenu,action.PROD_HARVEST,Produce Harvesters,Producer Samlere,Sammler Produzieren,Producir Recolectores,Produci Raccoglitori,Produzir Coletores
form/OptionsMenu,action.PROD_ARMY,Produce Warriors,Producer Krigere,Krieger Produzieren,Producir Guerreros,Produci Guerrieri,Produzir Guerreiros
form/OptionsMenu,action.PROD_TRANSPORT,Produce Transporters,Producer Transportører,Transporter Produzieren,Producir Transportes,Produci Trasportatori,Produzir Transportadores
form/OptionsMenu,action.RES_TREE,Gather Tree,Fæld Træ,Baum Fällen,Recolectar Árbol,Raccogli Albero,Coletar Árvore
form/OptionsMenu,action.RES_TREE_DEC,Gather Tree (-1),Saml træ (-1),Baum sammeln (-1),Recoger árbol (-1),Raccogli albero (-1),Coletar Árvore (-1)
form/OptionsMenu,action.RES_TREE_BATCH,Gather Tree (+10),Saml træ (+10),Baum sammeln (+10),Recolectar árbol (+10),Raccogli l'albero (+10),Coletar Árvore (+10)
form/OptionsMenu,action.RES_TREE_BATCH_DEC,Gather Tree (-10),Saml træ (-10),Baum sammeln (-10),Recoger árbol (-10),Raccogli albero (-10),Coletar Árvore (-10)
form/OptionsMenu,action.RES_ROCK,Gather Rock,Hug Sten,Stein Abbauen,Recolectar Roca,Raccogli Roccia,Coletar Pedra
form/OptionsMenu,action.RES_ROCK_DEC,Gather Rock (-1),Saml sten (-1),Stein sammeln (-1),Recoger Roca (-1),Raccogli roccia (-1),Coletar Pedra (-1)
form/OptionsMenu,action.RES_ROCK_BATCH,Gather Rock (+10),Saml sten (+10),Steine ​​sammeln (+10),Recoger Roca (+10),Raccogli roccia (+10),Coletar Pedra (+10)
form/OptionsMenu,action.RES_ROCK_BATCH_DEC,Gather Rock (-10),Saml sten (-10),Steine ​​sammeln (-10),Recoger Roca (-10),Raccogli roccia (-10),Coletar Pedra (-10)
form/OptionsMenu,action.RES_IRON,Gather Iron,Hug Jern,Eisen Abbauen,Recolectar Hierro,Raccogli Ferro,Coletar Ferro
form/OptionsMenu,action.RES_IRON_DEC,Gather Iron (-1),Saml jern (-1),Eisen sammeln (-1),Recoger hierro (-1),Raccogli ferro (-1),Coletar Ferro (-1)
form/OptionsMenu,action.RES_IRON_BATCH,Gather Iron (+10),Saml jern (+10),Eisen sammeln (+10),Recoger hierro (+10),Raccogli ferro (+10),Coletar Ferro (+10)
form/OptionsMenu,action.RES_IRON_BATCH_DEC,Gather Iron (-10),Saml jern (-10),Eisen sammeln (-10),Recolectar hierro (-10),Raccogli ferro (-10),Coletar Ferro (-10)
form/OptionsMenu,action.RES_CHICKEN,Gather Chicken,Fang Kylling,Huhn Fangen,Cazar Pollo,Cattura Pollo,Coletar Galinha
form/OptionsMenu,action.RES_CHICKEN_DEC,Gather Chicken (-1),Saml kylling (-1),Huhn sammeln (-1),Recoger pollo (-1),Raccogli Pollo (-1),Coletar Galinha (-1)
form/OptionsMenu,action.RES_CHICKEN_BATCH,Gather Chicken (+10),Saml kylling (+10),Hühner sammeln (+10),Recoger pollo (+10),Raccogli il pollo (+10),Coletar Galinha (+10)
form/OptionsMenu,action.RES_CHICKEN_BATCH_DEC,Gather Chicken (-10),Saml kylling (-10),Hühner sammeln (-10),Recoger pollo (-10),Raccogli il pollo (-10),Coletar Galinha (-10)
form/OptionsMenu,action.TRAIN_PEON,Train Peon,Træn Arbejder,Peon Ausbilden,Entrenar Peón,Addestra Peon,Treinar Peão
form/OptionsMenu,action.TRAIN_PEON_DEC,Train Peon (-1),Tog Peon (-1),Zugbegleiter (-1),Peón de tren (-1),Addetto alla formazione (-1),Treinar Peão (-1)
form/OptionsMenu,action.TRAIN_PEON_BATCH,Train Peon (+10),Tog Peon (+10),Zugbote (+10),Peón de tren (+10),Treno Peone (+10),Treinar Peão (+10)
form/OptionsMenu,action.TRAIN_PEON_BATCH_DEC,Train Peon (-10),Tog Peon (-10),Zugbegleiter (-10),Peón de tren (-10),Treno Peone (-10),Treinar Peão (-10)
form/OptionsMenu,action.TRAIN_CHIEFTAIN,Train Chieftain,Træn Høvding,Häuptling Ausbilden,Entrenar Jefe,Addestra Capo,Treinar Chefe
form/OptionsMenu,action.MAGIC_1,Magic 1,Magi 1,Magie 1,Magia 1,Magia 1,Magia 1
form/OptionsMenu,action.MAGIC_2,Magic 2,Magi 2,Magie 2,Magia 2,Magia 2,Magia 2
form/OptionsMenu,action.GAME_SPEED_UP,Increase Game Speed,Forøg Spilhastighed,Spielgeschwindigkeit Erhöhen,Aumentar Velocidad Juego,Aumenta Velocità Gioco,Aumentar Velocidade da Partida
form/OptionsMenu,action.GAME_SPEED_DOWN,Decrease Game Speed,Sænk Spilhastighed,Spielgeschwindigkeit Verringern,Disminuir Velocidad Juego,Diminuisci Velocità Gioco,Reduzir Velocidade da Partida
form/OptionsMenu,action.NOTIFICATION_JUMP,Jump to Notification,Hop til Notifikation,Zu Benachrichtigung Springen,Ir a Notificación,Vai a Notifica,Pular para Notificação
form/OptionsMenu,action.CHEAT_1,Cheat 1,Snyd 1,Cheat 1,Truco 1,Trucco 1,Trapaça 1
form/OptionsMenu,action.CHEAT_2,Cheat 2,Snyd 2,Cheat 2,Truco 2,Trucco 2,Trapaça 2
form/OptionsMenu,action.CHEAT_3,Cheat 3,Snyd 3,Cheat 3,Truco 3,Trucco 3,Trapaça 3
form/OptionsMenu,action.CHEAT_4,Cheat 4,Snyd 4,Cheat 4,Truco 4,Trucco 4,Trapaça 4
form/OptionsMenu,action.CHEAT_5,Cheat 5,Snyd 5,Cheat 5,Truco 5,Trucco 5,Trapaça 5
form/OptionsMenu,action.CHEAT_6,Cheat 6,Snyd 6,Cheat 6,Truco 6,Trucco 6,Trapaça 6
form/OptionsMenu,action.CHEAT_7,Cheat 7,Snyd 7,Cheat 7,Truco 7,Trucco 7,Trapaça 7
form/OptionsMenu,action.CHEAT_8,Cheat 8,Snyd 8,Cheat 8,Truco 8,Trucco 8,Trapaça 8
form/OptionsMenu,action.CHEAT_9,Cheat 9,Snyd 9,Cheat 9,Truco 9,Trucco 9,Trapaça 9
form/OptionsMenu,action.DEBUG_PRINT_INFO,Debug: Print Info,Debug: Udskriv Info,Debug: Info Drucken,Depurar: Imprimir Info,Debug: Stampa Info,Depurar: Imprimir Informação
form/OptionsMenu,action.DEBUG_KILL_SELECTED,Debug: Kill Selected,Debug: Dræb Valgte,Debug: Ausgewählte Töten,Depurar: Matar Seleccionados,Debug: Uccidi Selezionati,Depurar: Matar Selecionados
form/OptionsMenu,action.DEBUG_TOGGLE_LIGHT,Debug: Toggle Light,Debug: Skift Lys,Debug: Licht Umschalten,Depurar: Alternar Luz,Debug: Attiva/Disattiva Luce,Depurar: Habilitar Luz
form/OptionsMenu,action.DEBUG_TOGGLE_PLANTS,Debug: Toggle Plants,Debug: Skift Planter,Debug: Pflanzen Umschalten,Depurar: Alternar Plantas,Debug: Attiva/Disattiva Piante,Depurar: Habilitar Plantas
form/OptionsMenu,action.DEBUG_TOGGLE_PARTICLES,Debug: Toggle Particles,Debug: Skift Partikler,Debug: Partikel Umschalten,Depurar: Alternar Partículas,Debug: Attiva/Disattiva Particelle,Depurar: Habilitar Partículas
form/OptionsMenu,action.DEBUG_TOGGLE_AXES,Debug: Toggle Axes,Debug: Skift Akser,Debug: Achsen Umschalten,Depurar: Alternar Ejes,Debug: Attiva/Disattiva Assi,Depurar: Habilitar Machados
form/OptionsMenu,action.DEBUG_TOGGLE_MISC,Debug: Toggle Misc,Debug: Skift Diverse,Debug: Verschiedenes Umschalten,Depurar: Alternar Varios,Debug: Attiva/Disattiva Vari,Depurar: Habilitar Variados
form/OptionsMenu,action.DEBUG_PROCESS_MISC,Debug: Process Misc,Debug: Processer Diverse,Debug: Verschiedenes Verarbeiten,Depurar: Procesar Varios,Debug: Processa Vari,Depurar: Processar Vários
form/OptionsMenu,action.DEBUG_RESET_CURSOR,Debug: Reset Cursor,Debug: Nulstil Markør,Debug: Cursor Zurücksetzen,Depurar: Restablecer Cursor,Debug: Reimposta Cursore,Depurar: Resetar Cursor
form/OptionsMenu,action.DEBUG_TOGGLE_DETAIL,Debug: Toggle Detail,Debug: Skift Detaljer,Debug: Details Umschalten,Depurar: Alternar Detalle,Debug: Attiva/Disattiva Dettagli,Depurar: Habilitar Detalhe
form/OptionsMenu,action.DEBUG_CRASH,Debug: Crash,Debug: Nedbrud,Debug: Absturz,Depurar: Colgar,Debug: Crash,Depurar: Fechar Jogo
form/OptionsMenu,action.DEBUG_TOGGLE_FRAME_BUFFER,Debug: Toggle Frame Buffer,Debug: Skift Frame Buffer,Debug: Frame Buffer Umschalten,Depurar: Alternar Frame Buffer,Debug: Attiva/Disattiva Frame Buffer,Depurar: Habilitar Buffer de Frame
form/OptionsMenu,action.DEBUG_TOGGLE_BOUNDING,Debug: Toggle Bounding Boxes,Debug: Skift Bounding Boxes,Debug: Bounding Boxes Umschalten,Depurar: Alternar Cajas Límite,Debug: Attiva/Disattiva Bounding Boxes,Depurar: Habilitar Caixas Delimitadoras
form/OptionsMenu,action.DEBUG_TOGGLE_FRUSTUM_FREEZE,Debug: Toggle Frustum Freeze,Debug: Skift Frustum Freeze,Debug: Frustum Freeze Umschalten,Depurar: Alternar Frustum Freeze,Debug: Attiva/Disattiva Frustum Freeze,Depurar: Habilitar Frustum Freeze
form/OptionsMenu,action.DEBUG_FORCE_GC,Debug: Force Garbage Collection,Debug: Tving Garbage Collection,Debug: GC Erzwingen,Depurar: Forzar GC,Debug: Forza GC,Depurar: Forçar Coleção de Lixo
form/OptionsMenu,action.DEBUG_START_RECORDING,Debug: Start Recording,Debug: Start Optagelse,Debug: Aufnahme Starten,Depurar: Iniciar Grabación,Debug: Inizia Registrazione,Depurar: Iniciar Gravação
form/OptionsMenu,action.DEBUG_TOGGLE_WATER,Debug: Toggle Water,Debug: Skift Vand,Debug: Wasser Umschalten,Depurar: Alternar Agua,Debug: Attiva/Disattiva Acqua,Depurar: Habilitar Água
form/OptionsMenu,action.DEBUG_TOGGLE_AI,Debug: Toggle AI,Debug: Skift AI,Debug: KI Umschalten,Depurar: Alternar IA,Debug: Attiva/Disattiva IA,Depurar: Habilitar IA
form/OptionsMenu,action.DEBUG_DUMP_ANIMATIONS,Debug: Dump Animations,Debug: Dump Animationer,Debug: Animationen Dumpen,Depurar: Volcar Animaciones,Debug: Dump Animazioni,Depurar: Despejar Animações
form/OptionsMenu,key_bindings_title,Keyboard,Tastatur,Tastatur,Teclado,Tastiera,Teclado
form/OptionsMenu,column_action,Action,Handling,Aktion,Acción,Azione,Ação
form/OptionsMenu,column_bindings,Bindings,Genveje,Tastenbelegung,Teclas,Tasti,Atalhos
form/OptionsMenu,filter_bindings,Filter:,Filter:,Filter:,Filtrar:,Filtro:,Filtrar:
form/OptionsMenu,btn_reset_all,Reset All,Nulstil Alle,Alles Zurücksetzen,Restablecer Todo,Reimposta Tutto,Resetar Todas
form/OptionsMenu,confirm_reset_all,Reset all keys to default?,Nulstil alle taster til standard?,Alle Tasten auf Standard zurücksetzen?,¿Restablecer todas las teclas a los valores predeterminados?,Reimpostare tutti i tasti ai valori predefiniti?,Resetar todas as teclas para o padrão?
form/OptionsMenu,btn_save_bindings,Export,Eksportr,Export,Exportar,Esporta,Exportar
form/OptionsMenu,btn_load_bindings,Import,Import,Import,Importar,Importa,Importar
form/OptionsMenu,dialog_save_bindings,Save Key Bindings,Gem Tastegenveje,Tastenbelegung Speichern,Guardar Asignación de Teclas,Salva Assegnazione Tasti,Salvar Atalhos de Tecla
form/OptionsMenu,error_save_failed,Failed to save: {0},Kunne ikke gemme: {0},Fehler beim Speichern: {0},Error al guardar: {0},Errore durante il salvataggio: {0},Falha ao salvar: {0}
form/OptionsMenu,dialog_load_bindings,Load Key Bindings,Indlæs Tastegenveje,Tastenbelegung Laden,Cargar Asignación de Teclas,Carica Assegnazione Tasti,Carregar Atalhos de Tecla
form/OptionsMenu,error_load_failed,Failed to load: {0},Kunne ikke indlæse: {0},Fehler beim Laden: {0},Error al cargar: {0},Errore durante il caricamento: {0},Falha ao carregar: {0}
form/OptionsMenu,json_files,JSON Files,JSON Filer,JSON Dateien,Archivos JSON,File JSON,Arquivos JSON
form/OptionsMenu,audio_output,Audio Output,Lydudgang,Audioausgang,Salida de Audio,Uscita Audio,Saída de Áudio
form/OptionsMenu,audio_output_speakers,Speakers,Højttalere,Lautsprecher,Altavoces,Altoparlanti,Alto-falantes
form/OptionsMenu,audio_output_headphones,Headphones,Høretelefoner,Kopfhörer,Auriculares,Cuffie,Fones de Ouvido
form/OptionsMenu,classic_audio,Classic Audio,Klassisk lyd,Klassisches Audio,Audio clásico,Audio classico,Áudio Clássico
form/OptionsMenu,unassigned,Unassigned,Ikke tildelt,Nicht zugewiesen,Sin asignar,Non assegnato,Não atribuído
form/OptionsMenu,btn_clear,Clear,Ryd,Löschen,Borrar,Cancella,Limpar
form/OptionsMenu,btn_reset,Reset,Nulstil,Zurücksetzen,Restablecer,Reimposta,Resetar
form/OptionsMenu,conflict_title,Key Conflict,Nøglekonflikt,Hauptkonflikt,Conflicto clave,Conflitto chiave,Conflito de Tecla
form/OptionsMenu,conflict_message,"That key is already bound to ""{0}"" in the same context. Pick a different key.","Den nøgle er allerede bundet til ""{0}"" i samme kontekst. Vælg en anden nøgle.","Diese Taste ist im selben Kontext bereits an ""{0}"" gebunden. Wählen Sie eine andere Taste.","Esa tecla ya está vinculada a ""{0}"" en el mismo contexto. Elija una tecla diferente.","Quel tasto è già associato a ""{0}"" nello stesso contesto. Scegli un tasto diverso.","Essa tecla já está configurada para ""{0}"" no mesmo contexto. Selecione outra tecla."
form/OptionsMenu,conflict_swap_message,"That key is already bound to ""{0}"" in the same context. Swap keys with ""{0}""?","Den nøgle er allerede bundet til ""{0}"" i samme kontekst. Skal nøgler byttes ud med ""{0}""?","Dieser Schlüssel ist im selben Kontext bereits an ""{0}"" gebunden. Schlüssel mit ""{0}"" tauschen?","Esa clave ya está vinculada a ""{0}"" en el mismo contexto. ¿Intercambiar claves con ""{0}""?","Quel tasto è già associato a ""{0}"" nello stesso contesto. Scambiare i tasti con ""{0}""?","Essa tecla já está configurada para ""{0}"" no mesmo contexto. Trocar teclas com ""{0}""?"
form/OptionsMenu,btn_swap,Swap,Byt,Tauschen,Intercambio,Scambio,Trocar
form/OptionsMenu,category.general,General,Generel,Allgemein,General,Generale,Geral
form/OptionsMenu,category.camera,Camera,Kamera,Kamera,Cámara,Telecamera,Câmera
form/OptionsMenu,category.ui,Interface,Grænseflade,Schnittstelle,Interfaz,Interfaccia,Interface
form/OptionsMenu,category.unit,Unit,Enhed,Einheit,Unidad,Unità,Unidade
form/OptionsMenu,category.army_groups,Army Groups,Hærgrupper,Heeresgruppen,Grupos de ejércitos,Gruppi dell'esercito,Grupos de Exército
form/OptionsMenu,category.production,Production,Produktion,Produktion,Producción,Produzione,Produção
form/OptionsMenu,category.training,Training,Uddannelse,Ausbildung,Capacitación,Formazione,Treinamento
form/OptionsMenu,category.resources,Resources,Ressourcer,Ressourcen,Recursos,Risorse,Recursos
form/OptionsMenu,category.magic,Magic,Magi,Magie,Magia,Magia,Magia
form/OptionsMenu,category.game,Game,Spil,Spiel,Juego,Gioco,Jogo
form/OptionsMenu,category.cheats,Cheats,Snydekoder,Cheats,Trucos,Trucchi,Trapaça
form/OptionsMenu,category.debug,Debug,Fejlfinding,Debuggen,Depurar,Debug,Depurar
form/PrivateMessageForm,private_message_caption,Private message,Privat besked,Private Nachricht,Mensaje privado,Messaggio privato,Mensagem privada
form/PrivateMessageForm,to,To {0}:,Til {0}:,an {0}:,Para {0}:,A {0}:,Para {0}:
form/ProfilesForm,profiles_caption,Profiles,Profiler,Profile,Perfiles,Profili,Perfis
form/ProfilesForm,nick,Nick,Navn,Nick,Nombre,Nome,Apelido
form/ProfilesForm,rating,Rating,Ligapoint,Einstufung,Puntuaciones,Voto,Pontuação
form/ProfilesForm,wins,Wins,Sejre,Siege,Victorias,Vittorie,Vitórias
form/ProfilesForm,losses,Losses,Nederlag,Niederlagen,Derrotas,Sconfitte,Derrotas
form/ProfilesForm,invalid,Invalid,Ugyldige,Ungültig,No válidas,Invalide,Inválido
form/ProfilesForm,create_new_profile,Create new profile,Opret ny profil,Neues Profil erstellen,Crear nuevo perfil,Crea nuovo profilo,Criar novo perfil
form/ProfilesForm,delete_profile,Delete profile,Slet profil,Profil löschen,Borrar perfil,Cancella profilo,Apagar perfil
form/ProfilesForm,join,Join,Tilslut,Beitreten,Unirse,Accedi,Se juntar
form/ProfilesForm,logout,Logout,Log ud,Logout,Desconectar,Esci,Deslogar
form/ProfilesForm,no_profiles,No profile selected.,Ingen profil valgt.,Es wurde kein Profil ausgewählt.,Ningún perfil seleccionado.,Nessun profilo selezionato.,Nenhum perfil selecionado.
form/ProfilesForm,confirm_delete,Are you sure you want to delete {0}?,Er du sikker på du vil slette {0}?,Möchten Sie {0} wirklich löschen?,¿Seguro que quieres borrar el perfil {0}?,Vuoi davvero cancellare {0}?,Você tem certeza de que quer apagar? {0}?
form/ProfilesForm,username_error_too_many,ERROR: You cannot create more profiles. Delete another profile first.,FEJL: Du kan ikke oprette flere profiler. Slet en anden profil først.,FEHLER: Sie können keine weiteren Profile erstellen. Löschen Sie zuerst ein anderes Profil.,ERROR: No puedes crear más perfiles. Primero borra otro perfil.,ERRORE: Non puoi creare altri profili. Cancella prima un profilo.,ERRO: Você não pode criar mais perfis. Apague outro perfil primeiro.
form/ProfilesForm,profile_error_guest,ERROR: Nick cannot start with {0}.,FEJL: Navnet må ikke starte med {0}.,FEHLER: Der Nick kann nicht mit {0} beginnen.,ERROR: Nombre no puede empezar con {0}.,ERROR: Il Nick non può iniziare con {0}.,ERRO: Apelido não pode começar com {0}.
form/ProfilesForm,username_error_already_exists,ERROR: A profile with that nick already exists.,FEJL: En profil med det navn findes allerede.,FEHLER: Ein Profil mit diesem Nick besteht bereits.,ERROR: Ya existe un perfil con ese nombre.,ERROR: Un profilo con quel nome esiste già.,ERRO: Um perfil com esse apelido já existe.
form/ProfilesForm,username_error_invalid_characters,ERROR: Nick contains invalid characters.,FEJL: Navnet indeholder ugyldige tegn.,FEHLER: Der Nick enthält ungültige Zeichen.,ERROR: El nombre contiene caracteres no válidos.,ERROR: Il nome contiene caratteri non validi.,ERRO: Apelido contém caracteres inválidos.
form/ProfilesForm,username_error_too_short,ERROR: Nick too short.,FEJL: Navnet er for kort.,FEHLER: Der Nick ist zu kurz.,ERROR: Nombre demasiado corto.,ERROR: Nome troppo corto.,ERRO: Apelido muito curto.
form/ProfilesForm,username_error_too_long,ERROR: Nick too long.,FEJL: Navnet er for langt.,FEHLER: Der Nick ist zu lang.,ERROR: Nombre demasiado largo.,ERROR: Nome troppo lungo.,ERRO: Apelido muito comprido.
form/ProgressForm,tip0,Attacking enemy units from higher ground will give your warriors a tactical advantage,Ved at angribe fjender fra en højere position får dine krigere en taktisk fordel,Angriffe gegen feindliche Stellungen von höher gelegenem Terrain aus verschaffen Ihren Kriegern einen taktischen Vorsprung.,Atacar unidades enemigas desde un terreno elevado dará a tus guerreros una ventaja táctica,Attaccare le unità nemiche da un punto più alto da ai tuoi guerrieri un vantaggio tattico,Atacar unidades inimigas de um terreno mais elevado vai dar aos seus guerreiros uma vantagem tática
form/ProgressForm,tip1,Store a selection by pressing Ctrl + 0-9 and reselect it by pressing its number,Gem en markering ved at trykke Ctrl + 0-9 og vælg den igen ved at trykke dens nummer,"Speichern Sie eine Markierung, indem Sie STRG + 0-9 drücken, und aktivieren Sie sie erneut, indem Sie die entsprechende Zahl drücken.",Almacena una selección pulsando control + 0-9 y recupera dicha selección pulsando sólo el número memorizado,Salva una selezione premendo Ctrl + 0-9 e riselezionala premendo il numero assegnato,Guarde uma seleção pressionando Ctrl + 0-9 e reselecione ela ao pressionar seu número
form/ProgressForm,tip2,Zoom to a stored selection by double-pressing its designated number,Hop til en gemt markering ved at dobbelt-trykke dens tildelte nummer,"Sie können auf eine gespeicherte Markierung einzoomen, indem Sie die entsprechende Zahl zwei Mal drücken.",Haz zoom a una selección almacenada pulsando su número dos veces seguidas,Zuma ad una selezione salvata premendo due volte il numero che le hai assegnato,Dê um zoom para a seleção guardada ao apertar duas vezes o seu número designado
form/ProgressForm,tip3,Select all units of the same type within the view by double-clicking one of them,Vælg alle enheder af samme type indenfor skærmen ved at dobbeltklikke på en af disse,Durch Doppelklicken auf eine Einheit können Sie alle Einheiten desselben Typs in Sichtweite markieren.,"Selecciona todas las unidades del mismo tipo, dentro de pantalla, haciendo doble click en una de ellas",Seleziona tutte le unità dello stesso tipo all''interno della vista cliccando due volte su una di loro,Selecione todas as unidades do mesmo tipo dentro da visão dando um clique duplo em uma delas
form/ProgressForm,tip4,Zoom in and out by scrolling the mouse wheel or by using Page Up and Page Down,Zoom ind og ud ved at rulle på musehjulet eller ved at trykke Page Up og Page Down,Zum Ein- und Auszoomen verwenden Sie das Mausrad oder die BILD-AB- bzw. BILD-AUF-TASTE.,Acerca y aleja el zoom moviendo la rueda del ratón o pulsando Av Pág o Re Pág,Zuma muovendo la rotellina del mouse o premendo Pagina Su e Pagina Giù,Aproxime e afaste a câmera ao rodar a roda do mouse ou usando Page Up e Page Down
form/ProgressForm,tip5,"The more units you have in an armory, the faster they can produce weapons","Jo flere enheder du har i et arsenal, desto hurtigere kan de producere våben","Je mehr Einheiten zu einem Zeughaus gehören, desto schneller können sie Waffen herstellen.","Cuantas más unidades tengas en la armería, más rápidamente podrán producir armas",Più unità hai nell''armeria e più velocemente produrranno armi,"Quanto mais unidades você tiver em uma armaria, mais rápido elas conseguem produzir armas"
form/ProgressForm,tip6,"When assigning units, right-click on the + and - icons to change the numbers by 10 at a time","Når enheder tildeles, kan højreklik på + og - ikonerne bruges til at ændre tallene med 10 ad gangen","Klicken Sie beim Zuweisen der Einheiten mit der rechten Maustaste auf die Symbole ''+'' oder ''-'', um die Zahl um jeweils 10 zu ändern.","Cuando estés asignando unidades, haz click derecho sobre los iconos + y - para cambiar el número de 10 en 10",Quando assegni le unità fai un click destro del mouse su + e - per incrementarle di 10 alla volta,"Quando atribuindo unidades, dê um clique direito no icone de + e - para alterar os números para 10 por vez."
form/ProgressForm,tip7,Move selected units into a building by right-clicking the building,Flyt markerede enheder ind i en bygning ved at højreklikke på bygningen.,"Verschieben Sie die ausgewählten Einheiten in ein Gebäude, indem Sie mit der rechten Maustaste auf das Gebäude klicken.",Lleva las unidades seleccionadas a un edificio haciendo click derecho en él,Muovi le unità selezionate all''interno di un edificio con un click destro sull''edificio,Mova as unidades selecionadas para dentro de um edifício ao dar um clique direito no edifício.
form/ProgressForm,tip8,"The more units you have in the quarters, the faster it will produce more peons","Jo flere enheder du har i barakkerne, desto hurtigere vil de producere flere arbejdere","Je mehr Einheiten zu einem Quartier gehören, desto schneller werden Knechte produziert.","Cuantas más unidades tengas en el barracón, mas rápidamente podrán producir peones",Più unità hai nel Casone più velocemente produrranno peoni,"Quanto mais unidades você tiver em um alojamento, mais rápido ele vai produzir mais peões"
form/ProgressForm,tip9,"The more units you have in the quarters, the faster it will produce a chieftain","Jo flere enheder du har i barakkerne, desto hurtigere vil de producere en høvding","Je mehr Einheiten zu einem Quartier gehören, desto schneller wird ein Häuptling produziert.","Cuantas más unidades tengas en el barracón, más rápidamente podrán producir un jefe tribal",Più unità hai nel Casone più velocemente produrranno un capo tribù,"Quanto mais unidades você tiver em um alojamento, mais rápido ele vai produzir um chefe"
form/ProgressForm,tip10,Peons can tear down towers faster than warriors,Arbejdere kan rive tårne ned hurtigere end krigere,Knechte können Türme schneller einreißen als Krieger.,Los peones pueden derribar torres más rápidamente que los guerreros,I peoni abbattono le torri più velocemente dei guerrieri,Peões podem derrubar torres mais rápido que guerreiros
form/ProgressForm,tip11,Moving units by using attack on the ground will cause them to attack enemy units on sight,"Hvis enheder flyttes ved at angribe jorden, vil de angribe alle fjender de møder på vejen","Wenn Sie Einheiten bewegen, indem Sie am Boden einen Angriff durchführen, greifen sie alle feindlichen Einheiten in Sichtweite an.",Mover unidades haciendo que ataquen un punto del suelo hará que ataquen cualquier enemigo avistado,Muovendo le unità cliccando attacca sul terreno li farà attaccare i nemici a vista,Mover unidades usando o comando de ataque no chão vai fazer com que elas ataquem unidades inimigas à vista
form/ProgressForm,tip12,Press Space or 5 on the numpad to enter the Map Mode,Tryk Mellemrum eller 5 på det numeriske tastatur for at komme til oversigtskortet,"Drücken Sie die LEERTASTE oder die 5 auf dem Ziffernblock, um den Kartenmodus aufzurufen.",Pulsa espacio o el 5 del teclado numérico para entrar en el Modo Mapa,Premi Spazio o 5 nel tastierino numerico per entrare nel Modo Mappa,Pressione Espaço ou 5 no teclado numérico para entrar no Modo Mapa
form/ProgressForm,tip13,Hover the mouse pointer above units and buildings to monitor their status,Hold musemarkøren over enheder og bygninger for at se deres status,"Bewegen Sie den Mauszeiger über die Einheiten und Gebäude, um ihren Status anzuzeigen.",Pasa el cursor por encima de unidades y edificios para ver su estado,Passa il mouse sopra le unità e gli edifici per monitorare il loro stato,Posicione o ponteiro do mouse sobre unidades e edifícios para monitorar seus status
form/ProgressForm,tip14,Units and buildings of team members are marked with blue circles when selected,"Enheder og bygninger fra allierede hold markeres med en blå cirkel, når de er valgt","Einheiten und Gebäude von Teammitgliedern werden mit blauen Kreisen angezeigt, wenn sie markiert wurden.",Las unidades y edificios de miembros de tu equipo se verán con un círculo azul al ser seleccionados,Le unità e gli edifici del team sono contrassegnati da un cerchio blu quando li selezioni,Unidades e edifícios de membros de equipe são marcados com circulos azuis quando selecionados
form/ProgressForm,tip15,Pan around the map by moving the mouse pointer to the edge of the screen or by using the arrow keys,Bevæg dig rundt på kortet ved at flytte musen til kanten af skærmen eller ved at bruge piletasterne,"Navigieren Sie in der Karte, indem Sie den Mauszeiger zum Bildschirmrand bewegen oder die Pfeiltasten verwenden.",Desplázate por el mapa llevando el ratón a los extremos de la pantalla o con los cursores,Muoviti all''interno della mappa spostando il mouse agli angoli dello schermo o usando le frecce di navigazione,Faça uma panorâmica pelo mapa ao mover o ponteiro do mouse para a ponta da tela ou ao usar as setas do teclado
form/ProgressForm,tip16,Rotate the view using 4 and 6 on the numpad or Insert and Delete,Drej rundt ved at bruge 4 og 6 på det numeriske tastatur eller Insert og Delete,Zum Drehen der Ansicht verwenden Sie die Ziffern 4 und 6 auf dem Ziffernblock oder die EINFG- und ENTF-TASTE.,Rota la vista pulsando 4 o 6 del teclado numérico o con Insert y Supr,Ruota la vista usando 4 e 6 del tastierino numerico o Ins e Canc,Rotacione a visão usando 4 e 6 no teclado numérico ou Insert e Delete
form/ProgressForm,tip17,Direct where your units should assemble when leaving a building by setting a rally point,"Angiv hvor dine enheder skal samles, når de forlader en bygning ved at angive et samlingspunkt","Legen Sie einen Versammlungsort fest, um zu bestimmen, wo sich die Einheiten zusammenfinden sollen, wenn sie ein Gebäude verlassen.",Dirige hacia donde quieres que salgan tus unidades del barracón poniendo un Punto de reunión,Decidi dove le tue unità devono riunirsi quando lasciano un edificio impostando un Luogo di raduno,Direcione onde suas unidades devem se agrupar quando sairem de um edifício usando um ponto de encontro
form/ProgressForm,tip18,Look up and down by using 2 and 8 on the numpad or Home and End,Kig op og ned ved at bruge 2 og 8 på det numeriske tastatur eller Home og End,Mit den Ziffern 2 und 8 auf dem Ziffernblock oder mit der POS1- und ENDE-TASTE können Sie nach oben oder unten blicken.,Mira hacia arriba y abajo pulsando 2 y 8 del teclado numérico o con Inicio y Fin,Guarda su e giù usando 2 e 8 del tastierino numerico o Home e Fine,Olhe para cima e para baixo usando 2 e 8 no teclado numérico ou Home e End
form/ProgressForm,tip19,Weapons made from the tropical chicken are able to rebounce and hit multiple enemies,Våben lavet med tropisk kylling kan hoppe fra enhed til enhed og ramme flere fjender,"Waffen, die aus Tropenhühnchen hergestellt werden, können abprallen und mehrere Feinde treffen.",Las armas hechas con pollo tropical pueden rebotar y golpear varias veces al enemigo,Le armi costruite con i polli tropicali possono rimbalzare e colpire più nemici,Armas feitas da galinha tropical conseguem quicar e acertar vários inimigos
form/ProgressForm,tip20,"In Map Mode, your units and buildings are highlighted with your player color",På oversigtskortet er dine enheder og bygninger markeret med din spillerfarve,Im Kartenmodus werden Ihre Einheiten und Gebäude mit Ihrer Spielerfarbe markiert.,"En el Modo Mapa, tus edificios y unidades están resaltados con tu color de jugador","Nel Modo Mappa, le tue unità ed edifici sono evidenziati con il tuo colore","No Modo Mapa, suas unidades e edifícios são marcados com a sua cor de jogador"
form/ProgressForm,tip21,Zoom to another area of the island quickly by switching to Map Mode and clicking somewhere on the map,Hop hurtigt til en anden del af øen ved at skifte til oversigtskortet og klikke et sted på kortet,"Um schnell auf einen anderen Bereich der Insel einzuzoomen, wechseln Sie in den Kartenmodus und klicken auf einen beliebigen Ort auf der Karte.","Haz un rápido zoom a otra parte de la isla, cambiando a Modo Mapa y pulsando en el sitio elegido",Zuma rapidamente ad un''altra area dell''isola attivando il Modo Mappa e cliccando su un punto,Dê um zoom em outra area da ilha rapidamente trocando pelo Modo Mapa e clicando em algum lugar do mapa
form/ProgressForm,tip22,Select multiple units by holding down shift while clicking on more units,Vælg flere enheder ved at holde Shift nede og klikke på enhederne,"Zum gleichzeitigen Markieren mehrerer Einheiten halten Sie die UMSCHALTTASTE gedrückt, während Sie auf die Einheiten klicken.",Selecciona varias unidades dejando pulsado Control mientras haces click en ellas,Seleziona più unità tenendo premuto il tasto shift mentre clicchi su di loro,Selecione multiplas unidades segurando o shift enquanto clica em mais unidades
form/ProgressForm,tip23,Select multiple units by dragging a box around the units you want to select,Vælg flere enheder ved at trække en boks udenom de enheder du vil vælge,Zum Markieren mehrerer Einheiten ziehen Sie ein Rechteck um die zu markierenden Einheiten.,Selecciona varias unidades trazando un rectángulo con el ratón en la zona donde estén,Seleziona più unità tracciando un quadrato attorno alle unità da selezionare,Selecione multiplas unidades arrastando uma caixa ao redor das unidades que você quer selecionar
form/ProgressForm,tip24,"To construct new buildings quickly, use the Transport function to send out a group of peons loaded with wood",For hurtigere at bygge nye bygninger kan Transportfunktionen bruges til at sende arbejdere ud med træ,"Zum schnellen Errichten neuer Gebäude verwenden Sie die Transportfunktion, um eine Gruppe von holzbeladenen Knechten loszusenden.","Para construir nuevos edificios rápidamente, usa la función Transporte para enviar unos peones con madera",Per costruire nuovi edifici velocemente usa la funzione Trasporta per far uscire un gruppo di peoni carichi di legno,"Para construir novos edifícios rapidamente, utilize a função de transporte para enviar um grupo de peões carregados com madeira"
form/ProgressForm,tip25,"The towers are well-suited for defending buildings, peons or narrow passages","Tårnene er velegnede til at forsvare bygninger, arbejdere eller snævre passager","Die Türme eignen sich bestens zur Verteidigung von Gebäuden, Knechten und engen Passagen.","Las torres son muy adecuadas para defender edificios, peones o pasos estrechos.","Le torri sono ottime per difendere gli edifici, i peoni o passaggi stretti","As torres servem muito bem para defender construções, peões ou passagens estreitas"
form/ProgressForm,tip26,Build extra quarters to gain new peons more quickly,Byg flere barakker for hurtigere at få flere arbejdere,"Bauen Sie ein zusätzliches Quartier, um schnell neue Knechte zu gewinnen.",Construye barracones extra para generar peones más rápidamente,Costruisci nuovi casoni per creare nuovi peoni più rapidamente,Construa alojamentos extras para ganhar novos peões mais rapidamente
form/ProgressForm,tip27,Building armories close to valuable resources will allow the peons to gather the resources much faster,Ved at bygge arsenaler tæt ved værdifulde ressourcer kan dine arbejdere hurtigere samle ressourcer,"Wenn Zeughäuser in der Nähe von nützlichen Ressourcen gebaut werden, können die Knechte diese viel schneller zusammentragen.",Construir las armerías cerca de los recursos naturales permite que los peones recolecten recursos mas rápidamente,Costruire le armerie vicino alle risorse permette ai peoni di raccoglierle più rapidamente ,Construir armarias perto de recursos valiosos vai permitir com que os peões peguem os recursos muito mais rápido
form/ProgressForm,tip28,"To keep producing a weapon type indefinitely, increase production until an infinity symbol appears","For at fortsætte produktionen af et våben på ubestemt tid, kan produktionen øges indtil et uendelighedstegn vises","Um eine Waffenart unbegrenzt zu produzieren, steigern Sie die Produktion, bis ein Unendlichkeitssymbol angezeigt wird.","Para seguir construyendo un tipo de arma indefinidamente, aumenta la producción hasta ver un símbolo de infinito",Per produrre un tipo di arma continuamente aumenta la produzione fino al simbolo di infinito,"Para continuar produzindo um tipo de arma indefinidamente, aumente a produção até que um símbolo de infinito apareça"
form/ProgressForm,tip29,Change game speed by pressing + or - on the numeric keypad,Juster hastigheden ved at trykke + eller - på det numeriske tastatur,"Die Spielgeschwindigkeit ändern Sie, indem Sie auf dem Ziffernblock + oder - drücken.",Cambia la velocidad del juego pulsando + o - en el teclado numérico,Cambia la velocità del gioco premendo + o - sul tastierino numerico,Mude a velocidade da partida pressionando + ou - no teclado numérico
form/ProgressForm,tip30,"When playing a game, press Enter to message all players and Shift + Enter to message team players","Tryk Enter under et spil for at skrive en besked til alle spillere, og Shift + Enter for at skrive til allierede","Während des Spiels können Sie allen Spielern eine Nachricht senden, indem Sie die EINGABETASTE drücken. Durch Drücken der EINGABE- und der UMSCHALTTASTE können Sie Ihren Teammitgliedern eine Nachricht senden.","Cuando estés jugando, pulsa Enter para enviar mensajes a todos y Mayúsculas + Enter para enviar sólo a tu equipo","Mentre giochi, premi Enter per messaggiare con tutti i giocatori o Shift + Enter per messaggiare con il tuo team","Dentro de uma partida, pressione Enter para enviar mensagens para todos os jogadores e Shift + Enter para apenas os membros de equipe"
form/ProgressForm,tip31,"When a red, green or blue arrow flashes, press Tab to jump to the area of interest","Tryk Tab for at hoppe til et interesseområde, når en rød, grøn eller blå pil blinker","Wenn ein roter, grüner oder blauer Pfeil aufleuchtet, drücken Sie die TAB-TASTE, um zum betreffenden Gebiet zu wechseln.","Cuando una flecha roja, verde o azul parpadee, pulsa el Tabulador para ir rápidamente a la zona","Quando una freccia rossa, verde o blu lampeggia, premi Tab per andare all''area di interesse","Quando uma seta vermelha, verde ou azul piscarem, pressione Tab para pular para a área de interesse"
form/ProgressForm,tip32,When units have been stunned by the Terrifying Toot they are easier to hit,"Når enheder er blevet lammet af Terror Truttet, er de lettere at ramme","Wenn Einheiten vom Grässlichen Gedudel betäubt wurden, sind sie einfacher zu schlagen.","Cuando las unidades han sido aturdidas por el Lur Liante, son más fáciles de golpear",Quando le unità sono state stordite dal Boato Terrificante sono facili da colpire,"Quando unidades forem atordoadas pelo Toque Aterrorizante, elas serão mais fáceis de atingir"
form/ProgressForm,tip33,The Ravaging Roar inflicts more damage at close range,Det Bragende Brøl gør mere skade på klods hold,Der Destruktive Donner richtet bei geringer Distanz mehr Schaden an.,El Rugido Rompedor produce más daño en distancias cortas,Il Ruggito Devastante infligge più danni a corto raggio,O Rugido Devastador inflinge mais dano à distâncias próximas
form/ProgressForm,tip34,A unit keeps getting damaged by the Stinking Stew as long as it is engulfed in its fumes,"En enhed bliver ved med at være påvirket af en Stinkende Stuvning, så længe den befinder sig i dens dampe","Eine Einheit wird vom Ekligen Eintopf beeinträchtigt, solange sie von seinen Dämpfen umhüllt ist.",Una unidad recibirá daños del Puchero Pútrido mientras siga respirando sus humos,Una unità rimane avvelenata dallo Stufato Nauseante se ne inala i fumi,Uma unidade fica sendo ferida pelo Ensopado Fedorento enquanto ela é engolida pela sua fumaça
form/ProgressForm,tip35,"Friendly units are used to the Stinking Stew, so they are more resistant",Venlige enheder er vant til den Stinkende Stuvning og er derfor mere modstandsdygtige,"Verbündete Einheiten sind an den Ekligen Eintopf gewöhnt, sie sind also resistenter gegen seine Gerüche.","Las unidades amigas están acostumbradas al Puchero Pútrido, así que son más resistentes a su efecto",Le unità alleate sono abituate allo Stufato Nauseante per potervi resistere di più,"Unidades aliadas estão acostumadas com o Ensopado Fedorento, então elas são mais resistentes"
form/ProgressForm,tip36,The Crackling Cloud can be used to damage enemies hiding in fortified camps,"Den Tossede Tordensky kan bruges til at ramme fjender, der gemmer sig i befæstede lejre","Die Wummernde Wolke kann Feinde vernichten, die sich in befestigten Camps verstecken.",La Nube Neutrina puede usarse para atacar a enemigos que se esconden en campamentos fortificados,La Nuvola Crepitante può essere usata per danneggiare i nemici nascosti in campi fortificati,A Núvem Crepitante pode ser usada para ferir inimigos escondidos dentro de acampamentos fortificados
form/ProgressForm,tip37,Use Ctrl + B and click on the ground to set a beacon that alerts your team,"Ved at bruge Ctrl + B og klikke på jorden gives et signal, der alarmerer dit hold","Drücken Sie STRG + B, und klicken Sie auf den Boden, um ein Leuchtsignal zu setzen, das Ihr Team alarmiert.",Pulsa Control + b y haz click en el suelo para colocar una señal que alerte a tu equipo,Usa Ctrl + B e clicca sul terreno per accendere un faro che allerta il tuo team,Utilize Ctrl + B e clique no chão para colocar uma marcação que alerta sua equipe
form/ProgressForm,tip38,Press N to cycle through idle peons,Tryk N for at skifte mellem arbejdere der ikke laver noget,Drücken Sie N um einzelne Knechte auszuwählen.,Pulsa N para ciclar entre los peones que no están haciendo nada.,Premi N per passare da un peone all''altro,Precione N para alternar entre os peões ociosos
form/QuitForm,confirm_quit,Are you sure you want to quit Tribal Trouble?,Er du sikker på du vil afslutte Tribal Trouble?,Möchten Sie Tribal Trouble wirklich beenden?,¿Seguro que quieres salir de Tribal Trouble?,Sei sicuro di voler uscire da Tribal Trouble?,Você tem certeza de que quer sair do Tribal Trouble?
form/QuitForm,confirm_quit_waiting_for_ack,"If you quit Tribal Trouble now, the game server may not receive the result from the most recently completed game. Do you still want to quit?","Hvis du afslutter Tribal Trouble nu, vil spilserveren måske ikke modtage resultatet fra det senest gennemførte spil. Vil du alligevel afslutte?","Wenn Sie Tribal Trouble jetzt beenden, werden die Ergebnisse des letzten Spiels möglicherweise nicht an den Server übertragen. Möchten Sie das Spiel dennoch beenden?","Si sales de Tribal Trouble ahora, el servidor del juego puede que no reciba los resultados de la partida más reciente. ¿Aún así quieres salir?","Se esci ora da Tribal Trouble, il server non riceverà il risultato delle ultime partite completate. Vuoi uscire?","Se você sair do Tribal Trouble agora, o servidor do jogo talvez não receba o resultado da partida mais recente a ter sido finalizada. Você ainda quer sair?"
form/RosterPanel,caption,Roster,Holdliste,Dienstplan,Lista,Elenco,Elenco
form/SaveForm,save_caption,Save,Gem,Speichern,Guardar,Salva,Salvar
form/SaveForm,cancel,Cancel,Annuller,Abbrechen,Cancelar,Annulla,Cancelar
form/SaveForm,save,Save,Gem,Speichern,Guardar,Salva,Salvar
form/SavePresetDialog,save_preset_caption,Save preset,Gem forudindstilling,Voreinstellung speichern,Guardar preajuste,Salva preimpostazione,Salvar predefinição
form/SavePresetDialog,preset_name,Preset name:,Forudindstillet navn:,Voreinstellungsname:,Nombre del preajuste:,Nome predefinito:,Nome da predefinição:
form/SelectGameMenu,games_caption,Games,Spil,Spiele,Partidas,Partite,Partidas
form/SelectGameMenu,multiplayer_caption,Multiplayer,Flere spillere,Multiplayermodus,Multijugador,Multigiocatore,Multijogador
form/SelectGameMenu,rated,Rated,Ligaspil,Gewertet,Puntuación,Voto,Pontuação
form/SelectGameMenu,game_name,Game name,Spilnavn,Spielname,Nombre de la partida,Nome partita,Nome da partida
form/SelectGameMenu,speed,Speed,Hastighed,Geschwindigkeit,Velocidad,Velocità,Velocidade
form/SelectGameMenu,map_size,Map size,Ø størrelse,Kartengröße,Tamaño isla,Dimensioni,Tamanho do mapa
form/SelectGameMenu,join,Join,Tilslut,Beitreten,Unirse,Accedi,Se juntar
form/SelectGameMenu,game_info,Game Info,Spilinformation,Info zum Spiel,Resumen,Info partita,Informação da partida
form/SelectGameMenu,update_list,Update game list,Opdater spilliste,Spielliste aktualisieren,Actualizar lista,Aggiorna lista partite,Atualizar lista de partidas
form/SelectGameMenu,create_game,Create new game,Opret nyt spil,Neues Spiel erstellen,Crear nueva partida,Crea nuova partita,Criar nova partida
form/SelectGameMenu,join_game,Join game,Tilslut spil,Mitspielen,Jugar,Gioca,Se juntar à partida
form/SelectGameMenu,league_caption,The League,Ligaen,Die Liga,La Liga,La Lega,A Liga
form/SelectGameMenu,league_description,Tribal Trouble League,Tribal Trouble Ligaen,Tribal Trouble-Liga,La Liga de Tribal Trouble,Tribal Trouble League,A Liga de Tribal Trouble
form/SelectGameMenu,openskill_league_caption,The League,Ligaen,Die Liga,La Liga,La Lega,A Liga
form/SelectGameMenu,openskill_league_description,Tribal Trouble League (OpenSkill),Tribal Trouble League (OpenSkill),Tribal Trouble League (OpenSkill),Liga de Problemas Tribales (OpenSkill),Lega dei guai tribali (OpenSkill),Liga Tribal Trouble (OpenSkill)
form/SelectGameMenu,rank,#,#,#,Pos,#,#
form/SelectGameMenu,name,Name,Navn,Name,Nombre,Nome,Nome
form/SelectGameMenu,rating,Rating,Point,Einstufung,Puntuación,Voto,Pontuação
form/SelectGameMenu,mu,Mu,Mu,Mu,Mu,Mi,Mu
form/SelectGameMenu,sigma,Sigma,Sigma,Sigma,Sigma,Sigma,Sigma
form/SelectGameMenu,wins,Wins,Sejre,Siege,Victorias,Vittorie,Vitórias
form/SelectGameMenu,losses,Losses,Nederlag,Niederlagen,Derrotas,Sconfitte,Derrotas
form/SelectGameMenu,invalid,Invalid,Ugyldige,Ungültig,No válidas,Invalide,Inválido
form/SelectGameMenu,update_scores,Update highscores,Opdater rangliste,Highscores aktualisieren,Actualizar puestos,Aggiorna punteggio,Atualizar estatísticas
form/SelectGameMenu,chat_caption,Chat,Chat,Chat,Charla,Chat,Chat
form/SelectGameMenu,chat_rooms_caption,Chat rooms,Chatrum,Chaträume,Salas de charla,Stanze,Salas de chat
form/SelectGameMenu,room,Room,Rum,Raum,Salas,Stanza,Sala
form/SelectGameMenu,users,Users,Brugere,Benutzer,Usuarios,Utenti,Usuários
form/SelectGameMenu,update_rooms,Update room list,Opdater rumliste,Raumliste aktualisieren,Actualizar lista de Salas,Aggiorna lista stanze,Atualizar lista de salas
form/SelectGameMenu,create_room,Create new room,Opret nyt rum,Neuen Raum erstellen,Crear nueva sala,Crea nuova stanza,Criar nova sala
form/SelectGameMenu,join_room,Join room,Tilslut rum,Raum betreten,Unirse a sala,Entra ,Se juntar à sala
form/SelectGameMenu,logout,Logout,Log ud,Logout,Desconectarse,Esci,Deslogar
form/SelectGameMenu,nick_unavailable,You have joined as {0}. To get a real user account and enter the ranking list you have to register the game.,Du er tilsluttet som {0}. For at få en ægte brugerkonto og spille i Ligaen skal du registrere spillet.,"Sie sind als {0} beigetreten. Um ein richtiges Benutzerkonto erhalten und in die Rangliste aufgenommen werden zu können, müssen Sie sich für das Spiel registrieren.",Te has unido como {0}. Para conseguir una cuenta de usuario real y entrar en la clasificaciones tienes que registrar el juego.,Sei entrato come {0}. Per avere un account utente ed entrare nella lista punteggi devi registrare il gioco.,"Você se juntou como {0}. Para conseguir uma conta de usuário real e entrar para a lista de ranking, você deve registrar o jogo."
form/SelectGameMenu,connection_lost,Connection lost,Mistede forbindelsen,Die Verbindung wurde unterbrochen.,Conexión perdida,Connessione persa,Conexão perdida
form/SelectGameMenu,game,Game,Spil,Spiel,Partida,Partita,Partida
form/SelectGameMenu,update_notice,You need to update your version of Tribal Trouble to join this game. Please select Update from the main menu.,Du skal opdatere din udgave af Tribal Trouble for at tilslutte dig dette spil. Vælg Opdater fra hovedmenuen.,"Diese Version von Tribal Trouble muss aktualisiert werden, damit Sie mitspielen können. Bitte wählen Sie die Option ''Aktualisieren'' im Hauptmenü.","Necesitas actualizar tu versión de Tribal Trouble para unirte a esta partida. Por favor, selecciona Actualizar desde el menú principal.",Devi aggiornare la tua versione di Tribal Trouble per unirti a questa partita. Seleziona Aggiorna dal menu principale.,"Você precisa atualizar a sua versão de Tribal Trouble para se juntar à essa partida. Por favor, selecione Atualizar no menu principal."
form/SelectGameMenu,old_game,This game was created on an older version of Tribal Trouble than yours.,"Dette spil blev oprettet i en udgave af Tribal Trouble, der er ældre end din.",Dieses Spiel wurde mit einer älteren als der von Ihnen verwendeten Version von Tribal Trouble erstellt.,Este juego fue creado con una versión de Tribal Trouble anterior a la tuya.,Questa partita è stata creata con una vecchia versione di Tribal Trouble.,Essa partida foi criada numa versão mais antiga de tribal trouble que a sua.
form/SelectGameMenu,min_wins,You have to win {0} normal games before you can play rated games.,"Du skal vinde {0} normale spil, før du kan spille ligaspil.","Sie müssen {0} normale Spiele gewinnen, bevor Sie gewertete Spiele spielen können.",Tienes que ganar al menos {0} partidas normales antes de poder entrar en partidas puntuadas.,Devi vincere {0} partite normali prima di entrare nei giochi a punteggio.,Você precisa vencer {0} partidas normais antes de jogar em partidas ranqueadas.
form/SelectGameMenu,users_and_max,{0}/{1},{0}/{1},{0}/{1},{0}/{1},{0}/{1},{0}/{1}
form/ShowChangesForm,update_complete,Update complete,Færdig med opdateringen,Aktualisierung abgeschlossen,Se ha completado la actualización,Aggiornamento completato,Atualização concluída
form/ShowChangesForm,restart,"You need to restart the game before the changes take effect.

Choose OK to quit the game (recommended).
Choose Cancel to continue without restarting.","Du skal genstarte spillet, før ændringerne træder i kraft

Vælg OK for at afslutte spillet (anbefalet)
Vælg Annuller for at fortsætte uden at genstarte.","Sie müssen das Spiel neu starten, bevor die Änderungen wirksam werden.

Klicken Sie auf ''OK'', um das Spiel zu beenden (empfohlen).
Klicken sie auf ''Abbrechen'', um das Spiel ohne Neustart fortzusetzen.","Necesitas reiniciar el juego para que los cambios se apliquen

Elige OK para salir del juego (recomendado)
Elije Cancelar para continuar sin reiniciarlo.","Devi riavviare il gioco perchè i cambiamenti abbiano effetto.

Scegli OK per chiudere il gioco (raccomandato).
Scegli Annulla per continuare senza riavviare.","Você precisa reiniciar o jogo antes das mudanças terem efeito

Escolha OK para sair do jogo (recomendado).
Escolha Cancelar para continuar sem reiniciar."
form/TerrainMenu,new_game,New multiplayer game,Flere spillere,Neues Multiplayerspiel,Nueva partida multijugador,Nuova partita multigiocatore,Nova partida multijogador
form/TerrainMenu,skirmish,New single player game,En spiller,Neues Einzelspielerspiel,Nueva partida de un jugador,Nuovo partita giocatore singolo,Nova partida de um jogador
form/TerrainMenu,standard_options,Standard options,Standard indstillinger,Standardoptionen,Opciones básicas,Opzioni standard,Opções básicas
form/TerrainMenu,advanced_options,Advanced options,Avancerede indstillinger,Erweiterte Optionen,Opciones avanzadas,Opzioni avanzate,Opções avançadas
form/TerrainMenu,game_name,Game name:,Spillets navn:,Spielname:,Nombre de la partida:,Nome gioco:,Nome da partida:
form/TerrainMenu,default_name,{0}''s Game,{0}''s Spil,{0}''s Spiel,Partida de {0},{0}''s game,Partida de {0}
form/TerrainMenu,rated_game,Rated game,Ligaspil,Gewertetes Spiel,Partida puntuada,Voto gioco,Partida ranqueada
form/TerrainMenu,rated_game_tip,Play for points (Requires {0} wins),Spil om point (kræver {0} sejre),Um Punkte spielen (erfordert {0} Siege),Partida por puntos (requiere {0} victorias),Gioco a punti (Richiede {0} vittorie),Jogue por pontos (Requer {0} vitórias)
form/TerrainMenu,gamespeed,Game speed:,Hastighed:,Spielgeschwindigkeit:,Velocidad del juego:,Velocità gioco:,Velocidade da partida:
form/TerrainMenu,island_size,Island size:,Ø størrelse:,Inselgröße:,Tamaño de la isla:,Dimensioni isole:,Tamanho da ilha:
form/TerrainMenu,terrain_type,Terrain type:,Terræntype:,Geländeart:,Tipo de terreno:,Tipo di terreno:,Tipo de terreno:
form/TerrainMenu,map_code,Map code:,Ø-kode,Kartencode:,Código del mapa:,Codice mappa:,Código do mapa:
form/TerrainMenu,min,Min,Min,Min,Mínimo,Minimo,Min
form/TerrainMenu,max,Max,Max,Max,Máximo,Massimo,Máx
form/TerrainMenu,hills,Hills:,Bakker:,Hügel:,Colinas:,Colline:,Colinas:
form/TerrainMenu,trees,Trees:,Træer:,Bäume:,Árboles:,Alberi:,Árvores:
form/TerrainMenu,resources,Resources:,Ressourcer:,Ressourcen:,Recursos:,Risorse:,Recursos:
form/TerrainMenu,human,Human,Menneske,Mensch,Humano,Umano,Humano
form/TerrainMenu,open,Open,Åben,Offen,Abierto,Aprire,Aberto
form/TerrainMenu,closed,Closed,Lukket,Niemand,Cerrado,Chiuso,Fechado
form/TerrainMenu,easy_ai,Easy AI,Let computer,Einfache KI,IA fácil,Facile,IA fácil
form/TerrainMenu,normal_ai,Normal AI,Normal computer,Normale KI,IA normal,Normale,IA normal
form/TerrainMenu,hard_ai,Hard AI,Svær computer,Starke KI,IA difícil,Difficile,IA difícil
form/TerrainMenu,team,Team {0},Hold {0},Team {0},Equipo {0},Team {0},Equipe {0}
form/TerrainMenu,player,Player {0}:,Spiller {0}:,Spieler {0}:,Jugador {0}:,Giocatore {0}:,Jogador {0}:
form/TerrainMenu,players,Players:,Spillere:,Spieler:,Jugadores:,Giocatori:,Jogadores:
form/TerrainMenu,enter_map_code,Enter map code...,Indtast ø-kode...,Kartencode eingeben ...,Código del mapa...,Inserisci codice mappa...,Insira o código do mapa...
form/TerrainMenu,min_name_length,Game name must be at least {0} characters.,Spillets navn skal være på mindst {0} tegn.,Der Spielname muss mindestens {0} Zeichen umfassen.,El nombre de la  partida debe tener al menos {0} caracteres.,Il nome gioco dev''essere di almeno {0} caratteri.,Nome da partida precisa ter pelo menos {0} caracteres.
form/TerrainMenu,min_num_teams,There must be at least {0} teams in the game.,Der skal være mindst {0} hold i spillet.,Es müssen mindestens {0} Teams im Spiel sein.,Tiene que haber al menos {0} equipos en la partida.,Ci devono essere almeno {0} team nel gioco.,Precisam-se ter pelo menos {0} equipes na partida.
form/TerrainMenu,large_unavailable,Large islands are unavailable in this demo version of Tribal Trouble.,Store øer er ikke tilgængelige i denne demonstrationsudgave af Tribal Trouble.,In der Demoversion von Tribal Trouble stehen keine großen Inseln zur Verfügung.,Las islas grandes están deshabilitadas en esta versión de demostración de Tribal Trouble.,Le isole più grandi non sono disponibili in questa versione demo.,Ilhas grandes não estão disponíveis nessa versão de demonstração de Tribal Trouble.
form/TerrainMenu,hard_unavailable,Hard AI players are unavailable in this demo version of Tribal Trouble.,Svære computerspillere er ikke tilgængelige i denne demonstrationsudgave af Tribal Trouble.,In der Demoversion von Tribal Trouble stehen keine schwierigen KI-Spieler zur Verfügung.,Los jugadores IA difícil están deshabilitados en la versión de demostración de Tribal Trouble.,La modalità difficile non è disponibile in questa versione demo di Tribal Trouble.,Jogadores de IA difíceis não estão disponíveis nessa versão de demonstração de Tribal Trouble.
form/TerrainMenu,ai,AI,Computer,KI,IA,AI,IA
form/TerrainMenu,confirm_delete_preset,"Delete preset ""{0}""?","Slet forudindstillingen ""{0}""?","Voreinstellung ""{0}"" löschen?","¿Eliminar el preajuste ""{0}""?","Eliminare il preset ""{0}""?","Apagar predefinição ""{0}""?"
form/TerrainMenu,confirm_discard_changes,Discard your unsaved changes and load this preset?,Vil du kassere dine ikke-gemte ændringer og indlæse denne forudindstilling?,Nicht gespeicherte Änderungen verwerfen und diese Voreinstellung laden?,¿Descartar los cambios no guardados y cargar este preajuste?,Annullare le modifiche non salvate e caricare questo preset?,Descartar as mudanças não salvas e carregar essa predefinição?
form/TutorialForm,tutorial_caption,Tutorial,Grundkursus,Tutorial,Tutorial,Tutorial,Tutorial
form/TutorialForm,tutorial,Tutorial {0},Kursus {0},Tutorial {0},Tutorial {0},Tutorial {0},Tutorial {0}
form/TutorialForm,tutorial1_tip,Getting around,Manøvrering,Navigation,Dando una vuelta,Muoversi nell''ambiente,Se Movimentando
form/TutorialForm,tutorial2_tip,The Quarters,Barakker,Das Quartier,Los Barracones,I Casoni,Os Alojamentos
form/TutorialForm,tutorial3_tip,The Armory,Arsenal,Das Zeughaus,La Armería,L''armeria,A Armaria
form/TutorialForm,tutorial4_tip,Constructing a tower,Byg et tårn,Einen Turm bauen,Construyendo una torre,Costruisci una torre,Construindo uma torre
form/TutorialForm,tutorial5_tip,Training a chieftain,Træn en høvding,Einen Häuptling ausbilden,Entrenando un jefe tribal,Addestramento del Capo,Treinando um chefe
form/TutorialForm,tutorial6_tip,Defeating another tribe,Slå en anden stamme,Einen anderen Stamm besiegen,Derrotando a otra tribu,Vincere una tribù,Derrotando outra tribo
form/TutorialForm,tower_unavailable,The tower tutorial is unavailable in this demo version of Tribal Trouble.,Tårnkurset er ikke tilgængeligt i denne demonstrationsudgave af Tribal Trouble.,In der Demoversion von Tribal Trouble steht das Turm-Tutorial nicht zur Verfügung.,El tutorial de la torre no está disponible en esta demostración de Tribal Trouble.,Il tutorial torre non è disponibile in questa versione demo di Tribal Trouble.,O tutorial da torre está indisponível nessa versão de demonstração de Tribal Trouble.
form/TutorialForm,chieftain_unavailable,The chieftain tutorial is unavailable in this demo version of Tribal Trouble.,Høvdingekurset er ikke tilgængeligt i denne demonstrationsudgave af Tribal Trouble.,In der Demoversion von Tribal Trouble steht das Häuptling-Tutorial nicht zur Verfügung.,El tutorial del jefe tribal no está disponible en esta demostración de Tribal Trouble.,Il tutorial sul Capo Tribù non è disponibile in questa versione demo di Tribal Trouble.,O tutorial de chefe está indisponível nessa versão de demonstração de Tribal Trouble.
form/TutorialForm,ai,AI,Computer,KI,IA,AI,IA
form/WaitingForPlayersForm,abort,Abort game,Afbryd spil,Spiel abbrechen,Abortar partida,Abbandona la partita,Abortar partida
form/WaitingForPlayersForm,waiting,Waiting for players...,Venter på spillere...,Auf Spieler warten ...,Esperando a otros jugadores...,Attesa di altri giocatori...,Esperando por jogadores...
form/WaitingForPlayersForm,confirm_abort,Are you sure you want to abort this game?,Er du sikker på du vil afbryde spillet?,Möchten Sie dieses Spiel wirklich abbrechen?,¿Seguro que quieres abortar esta partida?,Vuoi davvero abbandonare la partita?,Você tem certeza de que quer abortar essa partida?
form/WarningForm,dont_show,Don''t show this message again,Vis ikke denne besked igen,Diese Meldung nicht mehr anzeigen,No volver a mostrar este mensaje,Non mostrare più questo messaggio,Não mostrar essa mensagem novamente
form/WelcomeForm,welcome_caption,Welcome to Tribal Trouble,Velkommen til Tribal Trouble,Willkommen bei Tribal Trouble,Bienvenido a Tribal Trouble,Benvenuto in Tribal Trouble,Bem-vindo ao Tribal Trouble
form/WelcomeForm,welcome_message,"Thank you for downloading Tribal Trouble!

If you have a registration code, click Register to get the full version of Tribal Trouble.

Otherwise you can evaluate this demo version, but with some of the game features disabled.

Don''t forget to update the game to get the latest features and fixes. Click Update Now or use the Update entry in the main menu.","Tak for at du har hentet Tribal Trouble!

Hvis du har en registreringsnøgle, så klik på Registrer for at få den fulde udgave af Tribal Trouble.

Ellers kan du evaluere denne demonstrationsudgave, men med en række begrænsninger.

Glem ikke at opdatere spillet for at få de seneste ændringer og rettelser. Klik på ""Opdater nu"" eller brug Opdater punktet i hovedmenuen.","Danke, dass Sie Tribal Trouble downgeloadet haben!

Wenn Sie einen Registrierungscode haben, klicken Sie auf ''Registrieren'', um die Vollversion von Tribal Trouble zu erhalten.

Andernfalls können Sie diese Demoversion beliebig lange verwenden, allerdings stehen dann nicht alle Features zur Verfügung.

Denken Sie daran, das Spiel zu aktualisieren, um die aktuellen Features und Bugfixes zu erhalten. Klicken Sie auf ''Jetzt aktualisieren'', oder wählen Sie die Option ''Aktualisieren'' im Hauptmenü.","¡Gracias por haber descargado Tribal Trouble!

Si tienes una clave de registro, haz click en Registrar para conseguir la versión completa de Tribal Trouble.

De lo contrario puedes evaluar esta versión de demostración, pero con algunas características bloqueadas.

No olvides actualizar el juego para conseguir las últimas novedades y parches. Haz click en Actualiza Ahora o usa Actualizar en el menú principal.","Grazie per aver scaricato Tribal Trouble!

Se hai un codice di registrazione, clicca su Registra per attivare la versione completa di Tribal Trouble.

Altrimenti puoi valutare questa versione demo, ma alcune delle caratteristiche del gioco saranno disabilitate.

Non dimenticare di aggiornare il gioco per avere l''ultima versione. Clicca Aggiorna Adesso o usa Aggiorna nel menu principale.","Obrigado por baixar Tribal Trouble!

Se você possui um código de registro, clique em Registrar para receber a versão completa de Tribal Trouble.

Caso contrário, você pode testar essa versão de demonstração, mas com algumas funcionalidades do jogo desligadas.

Não se esqueça de atualizar o jogo para conseguir as últimas funcionalidades e consertos. Clique em Atualizar Agora ou em Atualizar no menu principal."
form/WelcomeForm,update_now,Update Now,Opdater nu,Jetzt aktualisieren,Actualiza Ahora,Aggiorna Adesso,Atualizar Agora
form/WelcomeForm,register,Register,Registrer,Registrieren,Registrar,Registra,Registrar
gui/ActionButtonPanel,move_tip,Move ({0}),Gå ({0}),Bewegen ({0}),Mover ({0}),Muovi ({0}),Mover ({0})
gui/ActionButtonPanel,gather_repair_tip,Gather/Repair ({0}),Saml/Reparer ({0}),Sammeln/Reparieren ({0}),Recolectar/Reparar ({0}),Raccogli/Ripara ({0}),Coletar/Reparar ({0})
gui/ActionButtonPanel,quarters_tip,Quarters ({0}),Barakker ({0}),Quartier ({0}),Barracón ({0}),Casone ({0}),Alojamentos ({0})
gui/ActionButtonPanel,armory_tip,Armory ({0}),Arsenal ({0}),Zeughaus ({0}),Armería ({0}),Armeria ({0}),Armaria ({0})
gui/ActionButtonPanel,tower_tip,Tower ({0}),Tårn ({0}),Turm ({0}),Torre ({0}),Torre ({0}),Torre ({0})
gui/ActionButtonPanel,ship_tip,Ship ({0}),Skib ({0}),Schiff ({0}),Velero ({0}),Nave ({0}),Navio ({0})
gui/ActionButtonPanel,attack_tip,Attack ({0}),Angrib ({0}),Angreifen ({0}),Atacar ({0}),Attacca ({0}),Atacar ({0})
gui/ActionButtonPanel,exit_tip,Exit ({0}),Exit ({0}),Verlassen ({0}),Salir ({0}),Esci ({0}),Sair ({0})
gui/ActionButtonPanel,units_tip,Units,Enheder,Einheiten,Unidades,Unità,Unidades
gui/ActionButtonPanel,rock_weapons_tip,Rock weapons,Stenvåben,Steinwaffen,Armas de piedra,Armi di roccia,Armas de pedra
gui/ActionButtonPanel,iron_weapons_tip,Iron weapons,Jernvåben,Eisenwaffen,Armas de hierro,Armi di ferro,Armas de ferro
gui/ActionButtonPanel,chicken_weapons_tip,Chicken weapons,Kyllingevåben,Hühnchenwaffen,Armas de pollo tropical,Armi di pollo,Armas de galinha
gui/ActionButtonPanel,tree_resources_tip,Wood resources,Træressourcer,Holzressourcen,Recursos de madera,Risorse di Legno,Recursos de madeira
gui/ActionButtonPanel,rock_resources_tip,Rock resources,Stenressourcer,Steinressourcen,Recursos de piedra,Risorse di Roccia,Recursos de pedra
gui/ActionButtonPanel,iron_resources_tip,Iron resources,Jernressourcer,Eisenressourcen,Recursos de hierro,Risorse di Ferro,Recursos de ferro
gui/ActionButtonPanel,chicken_resources_tip,Chicken resources,Kyllingeressourcer,Hühnchenressourcen,Recursos de pollo tropical,Risorse di Pollo,Recursos de galinha
gui/ActionButtonPanel,train_chieftain_tip,Train Chieftain ({0}),Træn høvding ({0}),Häuptling ausbilden ({0}),Entrenar jefe tribal ({0}),Capo Tribù ({0}),Treinar Chefe ({0})
gui/ActionButtonPanel,rally_point_tip,Rally Point ({0}),Samlingspunkt ({0}),Versammlungsort ({0}),Punto de encuentro ({0}),Luogo di Raduno ({0}),Ponto de Encontro ({0})
gui/ActionButtonPanel,gather_resources_tip,Gather Resources ({0}),Saml ressourcer ({0}),Ressourcen sammeln ({0}),Recolectar recursos ({0}),Raccogli Risorse ({0}),Coletar Recursos ({0})
gui/ActionButtonPanel,produce_weapons_tip,Produce Weapons ({0}),Producer våben ({0}),Waffen herstellen ({0}),Fabricar armas ({0}),Produci Armi ({0}),Produzir Armas ({0})
gui/ActionButtonPanel,deploy_army_tip,Deploy Army ({0}),Udsend hær ({0}),Armee ausrüsten  ({0}),Desplegar ejército ({0}),Crea l''esercito ({0}),Mobilizar Exército ({0})
gui/ActionButtonPanel,transport_resources_tip,Transport Resources ({0}),Transporter ressourcer ({0}),Ressourcen transportieren ({0}),Transportar recursos ({0}),Trasporta Risorse ({0}),Transportar Recursos ({0})
gui/ActionButtonPanel,sail_tip,Sail ({0}),Sejle ({0}),Segel ({0}),Volar ({0}),Veleggiare ({0}),Navegue ({0})
gui/ActionButtonPanel,harvest_tree_tip,Wood,Træ,Holz,Madera,Legno,Madeira
gui/ActionButtonPanel,harvest_rock_tip,Rock,Sten,Stein,Piedra,Roccia,Pedra
gui/ActionButtonPanel,harvest_iron_tip,Iron,Jern,Eisen,Hierro,Ferro,Ferro
gui/ActionButtonPanel,harvest_chicken_tip,Tropical Chicken,Tropekylling,Tropenhühnchen,Pollo,Pollo Tropicale,Galinha Tropical
gui/ActionButtonPanel,back_tip,Back ({0}),Tilbage ({0}),Zurück ({0}),Atrás ({0}),Indietro ({0}),Voltar ({0})
gui/ActionButtonPanel,build_rock_tip,Rock weapon,Stenvåben,Steinwaffe,Arma de piedra,Armi di roccia,Arma de pedra
gui/ActionButtonPanel,build_iron_tip,Iron weapon,Jernvåben,Eisenwaffe,Arma de hierro,Armi di ferro,Arma de ferro
gui/ActionButtonPanel,build_chicken_tip,Chicken weapon,Kyllingevåben,Hühnchenwaffe,Arma de pollo,Armi di pollo,Arma de galinha
gui/ActionButtonPanel,deploy_peon_tip,Peon,Arbejder,Knecht,Peón,Peone,Peão
gui/ActionButtonPanel,deploy_rock_tip,Rock Warrior,Stenkriger,Steinkrieger,Guerrero piedra,Guerriero di roccia,Guerreiro de Pedra
gui/ActionButtonPanel,deploy_iron_tip,Iron Warrior,Jernkriger,Eisenkrieger,Guerrero hierro,Guerriero di ferro,Guerreiro de Ferro
gui/ActionButtonPanel,deploy_chicken_tip,Chicken Warrior,Kyllingekriger,Hühnchenkrieger,Guerrero pollo,Guerriero di pollo,Guerreiro de Galinha
gui/ActionButtonPanel,transport_tree_tip,Wood,Træ,Holz,Madera,Legno,Madeira
gui/ActionButtonPanel,transport_rock_tip,Rock,Sten,Stein,Piedra,Roccia,Pedra
gui/ActionButtonPanel,transport_iron_tip,Iron,Jern,Eisen,Hierro,Ferro,Ferro
gui/ActionButtonPanel,transport_chicken_tip,Tropical Chicken,Tropekylling,Tropenhühnchen,Pollo tropical,Pollo Tropicale,Galinha Tropical
gui/CancelButton,cancel,Cancel,Annuller,Abbrechen,Cancelar,Annulla,Cancelar
gui/ChatPanel,user_joined,*** {0} has joined.,*** {0} har tilmeldt sig.,*** {0} ist beigetreten.,*** {0} se ha unido.,*** {0} si è unito.,*** {0} se juntou.
gui/ChatPanel,user_left,*** {0} has left.,*** {0} er gået.,*** {0} hat die Seite verlassen.,*** {0} se ha ido.,*** {0} è rimasto.,*** {0} saiu.
gui/ChatPanel,normal_chat,<{0}>,<{0}>,<{0}>,<{0}>,<{0}>,<{0}>
gui/ChatPanel,chat,Chat,Chat,Chat,Charla,Chatta,Chat
gui/ChatPanel,lobby,Lobby,Lobby,Lobby,En sala,Utenti,Lobby
gui/ChatPanel,playing,Playing,Spiller,Spiel,Jugando,Giocano,Jogando
gui/ChatPanel,info,Profile Info,Profilinformation,Profilinfo,Información de perfil,Info Profilo,Informação de Perfil
gui/ChatPanel,message,Message,Besked,Nachricht,Mensaje,Messaggio,Mensagem
gui/ChatPanel,send,Send,Send,Senden,Enviar,Invia,Enviar
gui/ChatPanel,leave,Leave,Forlad,Beenden,Salir,Esci,Sair
gui/ChatPanel,unignore,Unignore,Fjern ignorer,Ignorieren beenden,No ignorar,Togli Ignora,Designorar
gui/ChatPanel,ignore,Ignore,Ignorer,Ignorieren,Ignorar,Ignora,Ignorar
gui/ChatPanel,spectate,Spectate,Spectate,Zuschauer,Espectador,Guardare,Assistir
gui/FreeQuitLabel,quit_time_left,Free quit time left: {0},Resterende fri exit-tid: {0},Zeit zum Beenden ohne Punkteverlust: {0},Tiempo restante para salida automática: {0},Tempo gratuito rimasto: {0},Tempo restante para saída automática: {0}
gui/GUIRoot,screenshot_message,Screenshot saved: {0},Skærmbillede gemt: {0},Screenshot gespeichert: {0},Capturas de pantalla guardadas: {0},Immagine salvata: {0},Captura de tela salvada: {0}
gui/GUIRoot,aggressive_unites_on,Aggressive units on,Aggressive enheder slået til,Agressive Einheiten ein,Activadas las unidades agresivas,Unità aggressive on,Unidades agressivas ligadas
gui/GUIRoot,aggressive_unites_off,Aggressive units off,Aggressive enheder slået fra,Agressive Einheiten aus,Desactivadas las unidades agresivas,Unità aggressive off,Unidades agressivas desligas
gui/GUIRoot,hardware_cursor_on,Using hardware cursor,Hardwaremarkør,Hardwarecursor,Cursor por hardware,Utilizzo cursore hardware,Usando cursor de hardware
gui/GUIRoot,hardware_cursor_off,Using software cursor,Softwaremarkør,Softwarecursor,Cursor por software,Utilizzo cursore software,Usando cursor de software
gui/IconSpinner,increase,Increase ({0}),Forøg ({0}),Mehr ({0}),Aumentar ({0}),Aumenta ({0}),Aumentar ({0})
gui/IconSpinner,decrease,Decrease ({0}),Formindsk (Shift+{0}),Weniger (UMSCHALTTASTE+{0}),Disminuir (Mayúsculas+{0}),Diminuisci (Shift+{0}),Diminuir ({0})
gui/Icons,terrifying_toot,Terrifying Toot ({0}),Terror Truttet ({0}),Grässliches Gedudel ({0}),Lur Liante ({0}),Boato Terrificante ({0}),Toque Aterrorizante ({0})
gui/Icons,ravaging_roar,Ravaging Roar ({0}),Bragende Brøl ({0}),Destruktiver Donner ({0}),Rugido Rompedor ({0}),Ruggito Devastante ({0}),Rugido Devastador ({0})
gui/Icons,stinking_stew,Stinking Stew ({0}),Stinkende Stuvning ({0}),Ekliger Eintopf ({0}),Puchero Pútrido ({0}),Stufato Nauseante ({0}),Ensopado Fedorento ({0})
gui/Icons,crackling_cloud,Crackling Cloud ({0}),Tosset Tordensky ({0}),Wummernde Wolke ({0}),Nube Neutrina ({0}),Nuvola Crepitante ({0}),Núvem Crepitante ({0})
gui/LoadCampaignBox,name,Name,Navn,Name,Nombre,Nome,Nome
gui/LoadCampaignBox,race,Race,Folk,Volk,Raza,Razza,Raça
gui/LoadCampaignBox,difficulty,Difficulty,Sværhedsgrad,Schwierigkeitsstufe,Dificultad,Difficoltà,Dificuldade
gui/LoadCampaignBox,date,Date,Dato,Datum,Fecha,Data,Data
gui/LoadCampaignBox,vikings,Vikings,Vikinger,Wikinger,Vikingos,Vichinghi,Vikings
gui/LoadCampaignBox,natives,Natives,Indfødte,Eingeborene,Indígenas,Nativi,Indígenas
gui/LoadCampaignBox,easy,Easy,Let,Leicht,Fácil,Facile,Fácil
gui/LoadCampaignBox,normal,Normal,Normal,Normal,Normal,Normale,Normal
gui/LoadCampaignBox,hard,Hard,Svær,Schwer,Difícil,Difficile,Difícil
gui/LoadCampaignBox,invalid_message,Error accessing file {0}. The file format is deprecated and can no longer be loaded. Future games will be saved in the new format.,Fejl under åbning af filen {0}. Filformatet er forældet og kan ikke længere hentes. Fremtidige spil vil blive gemt i det nye format.,Fehler beim Zugreifen auf Datei {0}. Das Dateiformat wird nicht mehr unterstützt und kann nicht mehr geladen werden. Künftige Spiele werden im neuen Format gespeichert.,Error accediendo al fichero {0}. El formato del fichero está obsoleto. Las próximas partidas serán guardadas con el nuevo formato.,Errore di accesso al file {0}. I formato del file non è corretto e non può essere caricato. Le prossime partite saranno salvate nel nuovo formato.,Erro ao acessar o arquivo {0}. O formato do arquivo está obsoleto e não pode mais ser carregado. Partidas futuras serão salvas no novo formato.
gui/LoadCampaignBox,failed_message,Error accessing file {0}. Make sure the directory is accessible. ({1}),Fejl under åbning af filen {0}. Sørg for at mappen er tilgængelig. ({1}),"Fehler beim Zugreifen auf Datei {0}. Stellen Sie sicher, dass auf das Verzeichnis zugegriffen werden kann. ({1})",Erro accediendo al fichero {0}. Asegúrate que el directorio es accesible. ({1}),Errore di accesso al file {0}. Assicurati che la cartella sia accessibile. ({1}),Erro ao acessar o arquivo {0}. Certifique-se de que o diretório está acessível. ({1})
gui/OKButton,ok,OK,OK,OK,Aceptar,OK,OK
gui/ProgressBar,loading,Loading... {0}%,Indlæser... {0}%,Ladevorgang ... {0}%,Cargando... {0}%,Caricamento... {0}%,Carregando... {0}%
gui/StatusIcon,max,{0} (Max: {1}),{0} (Max: {1}),{0} (Max: {1}),{0} (Máx: {1}),{0} (Max: {1}),{0} (Máx: {1})
landscape/TreeSupply,name,Wood,Træ,Baum,Madera,Albero,Madeira
model/IronSupply,name,Iron,Jern,Eisen,Hierro,Ferro,Ferro
model/RacesResources,natives,Natives,Indfødte,Eingeborene,Indígenas,Nativi,Indígenas
model/RacesResources,vikings,Vikings,Vikinger,Wikinger,Vikingos,Vichinghi,Vikings
model/RacesResources,quarters,Quarters,Barakker,Quartier,Barracones,Casone,Alojamentos
model/RacesResources,armory,Armory,Arsenal,Zeughaus,Armería,Armeria,Armaria
model/RacesResources,tower,Tower,Tårn,Turm,Torre,Torre,Torre
model/RacesResources,ship,Ship,Skib,Schiff,Velero,Nave,Navio
model/RacesResources,rock_warrior,Rock warrior,Stenkriger,Steinkrieger,Guerrero piedra,Guerriero di roccia,Guerreiro de pedra
model/RacesResources,iron_warrior,Iron warrior,Jernkriger,Eisenkrieger,Guerrero hierro,Guerrieri di ferro,Guerreiro de ferro
model/RacesResources,chicken_warrior,Chicken warrior,Kyllingekriger,Hühnchenkrieger,Guerrero pollo,Guerriero di pollo,Guerreiro de galinha
model/RacesResources,peon,Peon,Arbejder,Knecht,Peón,Peone,Peão
model/RacesResources,chieftain,Chieftain,Høvding,Häuptling,Jefe tribal,Capo,Chefe
model/RockSupply,name,Rock,Sten,Stein,Piedra,Roccia,Pedra
model/RubberSupply,name,Tropical Chicken,Tropekylling,Tropenhühnchen,Pollo tropical,Pollo Tropicale,Galinha tropical
net/ChatCommand,not_connected,Not connected to server,Ikke forbundet til server,Keine Verbindung mit dem Server,No conectado al servidor,Non connesso al server,Não está conectado ao servidor
net/ChatCommand,unknown_command,Unknown command ''{0}'',Ukendt kommando ''{0}'',Unbekannter Befehl ''{0}'',Comando desconocido ''{0}'',Comando sconosciuto ''{0}'',Comando desconhecido ''{0}''
net/ChatCommand,ignoring,You are now ignoring all messages from {0},Du ignorerer nu alle beskeder fra {0},Sie ignorieren nun alle Nachrichten von {0}.,Estas ignorando todos los mensajes de {0},Stai ignorando tutti i messaggi da {0},Agora você está ignorando todas as mensagens de {0}
net/ChatCommand,unignoring,Messages from {0} are no longer ignored,Beskeder fra {0} ignoreres ikke længere,Nachrichten von {0} werden nicht mehr ignoriert.,Los mensajes de {0} ya no serán ignorados,I messaggi da {0} non sono più ignorati,Mensagens de {0} não estão sendo mais ignoradas
net/ChatCommand,ignore_list_empty,The ignore list is empty,Ignoreringslisten er tom,Die Liste der zu ignorierenden Spieler ist leer.,La lista de ignorados está vacía,La lista degli ignorati è vuota,A lista de ignorados está vazia
net/ChatCommand,ignore_list,Ignoring nicks:,Ignorerer beskeder fra:,Folgende Nicks werden ignoriert:,Nicks ignorados:,Stai ignorando:,Apelidos ignorados:
net/MatchmakingClient,player,Player,Spiller,Spieler,Jugador,Giocatore,Jogador
net/PeerHub,system_name,NOTICE,NOTE,HINWEIS,ADVERTENCIA,AVVISO,ATENÇÃO
net/PeerHub,changed_to_paused,Game speed changed to paused,Hastighed ændret til pause,Spielgeschwindigkeit in ''Pause'' geändert,La velocidad del juego cambió a pausa,Velocità gioco cambiata in pausa,Velocidade da partida alterada para pausada
net/PeerHub,changed_to_slow,Game speed changed to slow,Hastighed ændret til langsom,Spielgeschwindigkeit in ''Langsam'' geändert,La velocidad del juego cambió a lenta,Velocità gioco cambiata in lento,Velocidade da partida alterada para lenta
net/PeerHub,changed_to_normal,Game speed changed to normal,Hastighed ændret til normal,Spielgeschwindigkeit in ''Normal'' geändert,La velocidad del juego cambió a normal,Velocità gioco cambiata in normale,Velocidade da partida alterada para normal
net/PeerHub,changed_to_fast,Game speed changed to fast,Hastighed ændret til hurtig,Spielgeschwindigkeit in ''Schnell'' geändert,La velocidad del juego cambió a rápida,Velocità gioco cambiata in veloce,Velocidade da partida alterada para rapida
net/PeerHub,changed_to_ludicrous,Game speed changed to ludicrous,Hastighed ændret til vanvittig,Spielgeschwindigkeit in ''Irrsinnig'' geändert,La velocidad del juego cambió a absurda,Velocità gioco cambiata in velocissimo,Velocidade da partida alterada para absurda
net/PeerHub,connection_lost,Connection to game host lost,Mistede forbindelsen til spilværten,Die Verbindung zum Spielhost wurde abgebrochen.,Perdida la conexión al anfitrión de la partida,Connessione persa con il server,Conexão com o host da partida foi perdida
net/PeerHub,left_game,{0} has left the game ({1}),{0} har forladt spillet ({1}),{0} hat das Spiel verlassen ({1}),{0} se ha ido de la partida ({1}),{0} ha lasciato il gioco ({1}),{0} saiu da partida ({1})
player/Player,team,(Team {0}),(Hold {0}),(Team {0}),(Equipo {0}),(Team {0}),(Equipe {0})
player/Player,chieftain_name,Chief Fjorleif,Høvding Fjorleif,Häuptling Fjorleif,Jefe Fjorleif,Capo Fjorleif,Chefe Fjorleif
player/Player,native_chieftain_name,Chief Ngumba,Høvding Ngumba,Häuptling Ngumba,Jefe Ngumba,Capo Ngumba,Chefe Ngumba
player/campaign/Campaign,island_complete,Island conquered.,Øen er erobret.,Die Insel wurde erobert.,Isla conquistada.,Isola conquistata.,Ilha conquistada.
player/campaign/Campaign,failed_message,Error accessing file {0}. Make sure the directory is accessible. ({1}),Fejl under åbning af filen {0}. Sørg for at mappen er tilgængelig. ({1}),"Fehler beim Zugreifen auf Datei {0}. Stellen Sie sicher, dass auf das Verzeichnis zugegriffen werden kann. ({1})",Error accediendo al fichero {0}. Asegúrate que el directorio es accesible. ({1}),Errore di accesso al file {0}. Assicurati che la cartella sia accessibile. ({1}),Erro acessando arquivo {0}. Certifique-se de que o diretório está acessível. ({1})
player/campaign/NativeIsland0,header0,Chief Ngumba,Høvding Ngumba,Häuptling Ngumba,Jefe Ngumba,Capo Ngumba,Chefe Ngumba
player/campaign/NativeIsland0,dialog0,The damned Vikings won''t stop until they have each and every one of our holy statues. Seems they''re coming this way now!,"De forbandede vikinger stopper ikke, før de har hver eneste af vores hellige statuer. Det ser ud til de kommer denne vej nu!","Die verdammten Wikinger werden keine Ruhe geben, bis sie sich jede einzelne unserer heiligen Statuen unter den Nagel gerissen haben. Offenbar kommen sie jetzt von dort!",Esos malditos vikingos no pararán hasta que tengan todas y cada una de nuestras estatuas sagradas. ¡Y Parece que vienen hacia aquí ahora!,Quei dannati Vichinghi non si fermeranno finchè non avranno tutte le nostre statue d''oro. Guardate sembra che stiano venendo da questa parte!,Esses malditos Vikings não vão parar até eles terem cada uma de nossas estátuas sagradas. Parece que eles estão vindo pra cá agora!
player/campaign/NativeIsland0,header1,Chief Ngumba,Høvding Ngumba,Häuptling Ngumba,Jefe Ngumba,Capo Ngumba,Chefe Ngumba
player/campaign/NativeIsland0,dialog1,"Fierce or not, I don''t think we stand a chance against that army. I''d better take the back way down to the beach and ... er ... arrange some reinforcements. Hold out while I''m gone!","Frygtindgydende eller ej, så tror jeg ikke på, vi har en chance mod den hær. Jeg må hellere smutte ad bagvejen ned til stranden og ... øh ... skaffe nogle forstærkninger. Hold ud mens jeg er væk!","Wild hin oder her. Gegen diese Armee haben wir keine Chance. Ich verkrümle mich besser in Richtung Strand und ... ähhh ... kümmere mich um Verstärkung. Haltet die Stellung, bis ich wiederkomme!","Valientes o no, no creo que tengamos ni una oportunidad contra ese ejército. Mejor me vuelvo a la playa  y... emmmm... consigo algunos refuerzos. ¡Aguantad hasta que vuelva!","Per quanto siamo feroci, non credo che abbiamo molte possibilità contro quell''armata. E'' meglio tornare alla spiaggia e ... hem ... trovare dei rinforzi. Dateci dentro mentre sono via!","Por mais ferozes que nós somos, Eu não acho que temos uma chance contra esse exército. Melhor eu voltar pra praia e ... éé ... arrumar alguns reforços. Aguentem enquanto eu estiver fora!"
player/campaign/NativeIsland0,header2,Chief Ngumba,Høvding Ngumba,Häuptling Ngumba,Jefe Ngumba,Capo Ngumba,Chefe Ngumba
player/campaign/NativeIsland0,dialog2,"Greetings, men! I could really use your help right now.",Vær hilset! Jeg kunne virkelig godt bruge jeres hjælp nu.,"Seid gegrüßt, Männer! Ich könnte eure Hilfe jetzt wirklich gut gebrauchen.","¡Bienhallados, muchachos! Necesito vuestra ayuda ahora mismo.","Congratulazioni, uomini! Adesso mi sarete davvero d''aiuto.","Saudações, homens! Eu realmente preciso de sua ajuda agora mesmo."
player/campaign/NativeIsland0,header3,Nufungu The Not-so-fierce,Bufungu Bangebuks,Nufungu der Nicht-ganz-so-Wilde,Nufungu El No-tan-feroz,Nufungu Il Timido,Nufungu O Não-tão-feroz
player/campaign/NativeIsland0,dialog3,"Too late, that Fjorleif guy has already looted the last of our statues and sailed away. He even took some tropical chickens with him! All hope is not lost though, I have just received word that his foolish cousin Gunnar has been spotted on the other side of this island.","For sent, den Fjorleif gut har allerede stjålet resten af vores statuer og er sejlet bort. Han tog endda nogle tropekyllinger med sig! Vi har dog ikke tabt alt håb. Jeg har lige hørt, at hans åndsvage fætter Gunnar er blevet set på den anden side af øen.","Zu spät, dieser Fjorleif hat die letzte unserer Statuen geraubt und ist davongesegelt. Er hat sogar ein paar von den Tropenhühnchen mitgenommen! Aber noch ist nicht alles verloren. Ich habe gehört, dass sein beschränkter Cousin Gunnar auf der anderen Seite dieser Insel gesehen wurde.","Demasiado tarde, ese tío, Fjorleif, ya ha saqueado todas nuestras estatuas y partió mar adentro. Encima, ¡se llevó unos cuantos pollos tropicales! Pero no todo está perdido, acaban de decirme que su estúpido primo, Gunnar, ha sido avistado en el otro lado de la isla.","Troppo tardi, quel Fjorleif ha già preso l''ultima delle nostre statue d''oro ed è salpato. Ha preso anche dei polli tropicali con sè! Comunque non tutto è perduto, ho sentito che il suo pazzo cugino Gunnar è comparso dall''altra parte dell''isola.","Tarde de mais, aquele Fjorleif já saqueou a última de nossas estátuas e velejou. Ele até levou algumas galinhas tropicais com ele! Porém toda a esperança não está perdida, eu acabei de receber a noticia de que seu primo tolo Gunnar foi avistado no outro lado dessa ilha."
player/campaign/NativeIsland0,header4,Chief Ngumba,Høvding Ngumba,Häuptling Ngumba,Jefe Ngumba,Capo Ngumba,Chefe Ngumba
player/campaign/NativeIsland0,dialog4,"No time to waste then, let''s capture and interrogate Gunnar. If anyone knows where Fjorleif is headed it would be him.","Så er der ingen tid at spilde. Lad os fange og afhøre Gunnar. Hvis nogen ved, hvor Fjorleif tager hen, så er det ham.","Wir haben also keine Zeit zu verlieren! Los, diesen Gunnar schnappen wir uns und quetschen ihn aus wie eine Zitrone! Wenn irgendjemand weiß, wohin Fjorleif unterwegs ist, dann er!","En ese caso no hay tiempo que perder. Vamos a capturar y a interrogar a Gunnar. Si alguien sabe hacia donde se dirige Fjorleif, debe que ser él.","Allora non c''è tempo da perdere, catturiamo e interroghiamo Gunnar. Se qualcuno sa dov''è Fjorleif questo è lui.","Não temos tempo pra desperdiçar então, vamos capturar e interrogar Gunnar. Se alguém sabe onde Fjorleif está indo esse seria ele."
player/campaign/NativeIsland0,header5,Chief Gunnar The Gullible,Høvding Gunnar den Godtroende,Häuptling Gunnar der Gutgläubige,Jefe Gunnar El Gaznápiro,Capo Gunnar L''Ingenuo,Chefe Gunnar O Ingênuo
player/campaign/NativeIsland0,dialog5,"OK, point taken, I surrender! I''ll leave your statues and sail home.","OK, jeg har fattet beskeden, jeg overgiver mig! Jeg skal nok lade jeres statuer være i fred og sejle hjem.","OK, ich hab''s kapiert, ich ergebe mich! Behaltet eure Statuen, ich segle nach Hause.","De acuerdo, lo pillo, ¡Me rindo! Os devolveremos vuestras estatuas y partiremos de vuelta a casa.","OK, mi arrendo! Ti lascerò le statue e me ne andrò.","OK, Eu me rendo! Eu vou deixar suas estátuas e velejar pra casa."
player/campaign/NativeIsland0,header6,Chief Ngumba,Høvding Ngumba,Häuptling Ngumba,Jefe Ngumba,Capo Ngumba,Chefe Ngumba
player/campaign/NativeIsland0,dialog6,"Your cousin Fjorleif already stole the last of them, you fool! And unless you want us to squeeze you through that brass horn, you will tell us where we can find Fjorleif and our precious statues.","Din fætter Fjorleif har allerede stjålet de sidste af dem, dit fjols! Og med mindre du ikke vil have os til at presse dig gennem dit messinghorn, så fortæller du os, hvor vi kan finde Fjorleif og vores kostbare statuer.","Dein Cousin Fjorleif hat schon die letzte gestohlen, du Idiot! Und wenn du nicht willst, dass wir dich durch dieses Bronzehorn hier drücken, erzählst du uns besser, wo wir Fjorleif und unsere wertvollen Statuen finden können.","¡Tu primo Fjorleif ya robó hasta la última de ellas, idiota! Y a menos que quieras que te exprimamos usando ese cuerno que llevas, nos vas a contar dónde podemos encontrar a Fjorleif y nuestras preciosas estatuas.","Tuo cugino Fjorleif ha rubato l''ultima, quel pazzo! E a meno che tu non voglia che ti rompa quel corno d''ottone in testa, ci dirai dove possiamo trovare Fjorleif e le nostre preziose statue.","Seu primo Fjorleif já roubou a última delas, seu tolo! E a menos que queira que a gente te esprema dentro dessa corneta de metal, você vai nos dizer onde podemos achar Fjorleif e nossas preciosas estátuas."
player/campaign/NativeIsland0,header7,Chief Gunnar The Gullible,Høvding Gunnar den Godtroende,Häuptling Gunnar der Gutgläubige,Jefe Gunnar EL Gaznápiro,Capo Gunnar L''Ingenuo,Chefe Gunnar O Ingênuo
player/campaign/NativeIsland0,dialog7,"Ouwww, not my lur! I will help you draw a map of our islands then.","Aaavv, ikke min lur! Jeg skal nok hjælpe dig med at tegne et kort over vores øer.","Auuuu, nicht meine Lure! Ich werde euch helfen, eine Karte unserer Inseln zu zeichnen.","¡Aaaaah, no mi señor! Os ayudaré a dibujar un mapa de nuestras islas.","Ouwww, non sia mai! Ti aiuterò a disegnare una mappa delle nostre isole.","Ouwww, minha lura não! Eu vou ajudar você a desenhar um mapa de nossas ilhas então."
player/campaign/NativeIsland0,name0,,,,,,
player/campaign/NativeIsland0,name1,New Natives,Hjælpere,Neue Eingeborene,Nuevos Indígenas,Nuovi Nativi,Novos Indígenas
player/campaign/NativeIsland0,name2,Vikings,Vikinger,Wikinger,Vikingos,Vichinghi,Vikings
player/campaign/NativeIsland0,name3,Natives,Indfødte,Eingeborene,Indígenas,Nativi,Indígenas
player/campaign/NativeIsland0,name4,,,,,,
player/campaign/NativeIsland0,name5,,,,,,
player/campaign/NativeIsland0,statue,Golden statue,Guldstatue,Goldstatue,Estatua de oro,Statua d''oro,Golden statue
player/campaign/NativeIsland0,objective0,Retreat to the beach and find the reinforcements.,Træk dig tilbage til stranden og find nogle forstærkninger.,"Ziehen Sie sich zum Strand zurück, und suchen Sie nach Verstärkung.",Retrocede hasta la playa y encuentra los refuerzos.,Ritorna alla spiaggia e trova rinforzi.,Recuar à praia e encontrar reforços.
player/campaign/NativeIsland0,objective1,Destroy the Vikings.,Udslet vikingerne.,Vernichten Sie die Wikinger.,Destruye a los Vikingos.,Distruggi i Vichinghi.,Destruir os Vikings.
player/campaign/NativeIsland1,header,Völlurströnd,Völlurströnd,Völlurströnd,Völlurströnd,Völlurströnd,Völlurströnd
player/campaign/NativeIsland1,description,"Gunnar''s island. He told us that some of our kinsmen were taken as thralls, so maybe some of them have ended up here. If they have, we need to free them right away!","Gunnars ø. Han fortalte os, at nogle af vores landsmænd blev taget til fange, så måske er de endt her. Hvis de er det, må vi straks befri dem!","Gunnars Insel. Er hat uns gesagt, dass einige unserer Brüder als Leibeigene gehalten werden. Vielleicht sind ja ein paar von ihnen hier. In diesem Fall müssen wir sie sofort befreien!","La isla de Gunnar. Antes nos contó que algunos de nuestros paisanos habían sido llevados presos, así que quizás han acabado aquí. Si están aquí, ¡tenemos que liberarlos ya!","L''isola di Gunnar. Sappiamo che alcuni dei nostri sono stati presi come schiavi, forse alcuni di loro sono qui. Se è così, dobbiamo liberarli!","A ilha de Gunnar. Ele nos disse que alguns de nossos parentes foram levados como prisioneiros, então talvez alguns deles podem ter terminado aqui. Se eles tiverem, nós precisamos libertar eles agora mesmo!"
player/campaign/NativeIsland1,header0,Zimfubo The Zealous,Fimzubo Fanatikeren,Zimfubo der Zwieselige,Famfubo El Fanático,Zimfubo Lo Zelante,Zimfubo O Zeloso
player/campaign/NativeIsland1,dialog0,"Look chief! Gunnar was right, they have taken some of our kinsmen with them, probably to use them as thralls. Show them your wrath and unleash a Crackling Cloud!","Se høvding! Gunnar havde ret, de har taget nogle af vores landsmænd med sig, formentlig for at bruge dem som trælle. Vis din vrede og slip en Tosset Tordensky løs!","Sieh mal, Häuptling! Gunnar hatte Recht, sie haben einige unserer Brüder verschleppt, wahrscheinlich, um sie als Leibeigene auszubeuten. Zeig ihnen, wie wütend du bist, und setz eine Wummernde Wolke frei!","¡Mire Jefe! Gunnar tenía razón, se han llevado algunos de nuestros nobles, probablemente para usarlos como rehenes. ¡Muéstreles su furia y libere una Nube Neutrina!","Guarda capo! Gunnar diceva la verità, hanno preso alcuni dei nostri e li hanno fatti schiavi. Mostragli la tua ira e libera il potere della Nuvola Crepitante!","Olhe chefe! Gunnar estava certo, eles levaram alguns de nossos parentes com eles, provavelmente para usar eles como reféns. Mostre a eles a sua fúria e libere a Núvem Crepitante!"
player/campaign/NativeIsland1,header1,Chief Ngumba,Høvding Ngumba,Häuptling Ngumba,Jefe Ngumba,Capo Ngumba,Chefe Ngumba
player/campaign/NativeIsland1,dialog1,Blasted! I can''t make it work in this cold climate. Or maybe we''re just too far away from the domain of The Great Xarrr. Looks like we will have to do this the old-fashioned way... let''s go!,"Forbandet! Jeg kan ikke få den til at virke i det her kolde klima. Eller måske er vi bare for langt væk fra den store Xarrr. Det ser ud til, at vi bliver nødt til at ordne det på den gode gammeldags måde... Angrib!",Verdammt! In dieser Kälte funktioniert das nicht. Oder vielleicht haben wir uns einfach zu weit vom Gebiet des Großen Xarrr entfernt. Offenbar müssen wir das auf die althergebrachte Art erledigen ... los geht''s!,¡Maldición! No puedo hacer que funcione con este frío. O quizás sólo estamos demasiado lejos de los dominios del Gran Zarrr. Parece que vamos a tener que hacerlo a la antigua usanza... ¡Adelante!,Dannazione! Non funziona con questo clima freddo! Forse siamo troppo lontani dai domini del Grande Xarrr. Sembra che dovremo sbrigarcela alla vecchia maniera... andiamo!,Maldição! Não consigo fazê-la funcionar nesse clima frio. Ou talvez nós estamos apenas muito longe do domínio de O Grande Xarrr. Parece que vamos ter que fazer isso da maneira antiga... vamos lá!
player/campaign/NativeIsland1,header2,Chief Ngumba,Høvding Ngumba,Häuptling Ngumba,Jefe Ngumba,Capo Ngumba,Chefe Ngumba
player/campaign/NativeIsland1,dialog2,"You are free now little fellows, no more toiling for the Vikings!

Well, don''t just stand there - get to work and build me a village so we can amass a huge army and beat those Vikings!","Så er I fri, små venner. Ikke mere slid og slæb for de vikinger!

Nå, hold op med bare at stå der - kom igang med at bygge en lejr, så vi kan samle en stor hær til at smadre vikingerne!","Nun seid ihr frei, ihr kleinen Kerle, jetzt hat die Schufterei für die Wikinger ein Ende!

Jetzt steht hier nicht so rum - macht euch an die Arbeit und baut mir ein Dorf, damit wir eine riesige Armee aufbauen und diese Wikinger schlagen können!","¡Ya sois libres pequeños compañeros, se acabó el tener que trabajar para esos Vikingos!

Bueno, ¡no os quedéis ahí parados, a trabajar y construidme un pueblo para que podamos crear un ejército enorme con el que derrotar a esos Vikingos!","Ora siete liberi amici, la schiavitù Vichinga è finita!

Bene, non restate lì impalati - cominciate a costruire un villaggio, dobbiamo formare una grande armata per poter sconfiggere questi Vichinghi!","Vocês estão livres agora pequenos companheiros, chega de trabalhar para os Vikings!

Bem, não fiquem aí parados - voltem ao trabalho e construam-me uma vila para que assim possamos criar um exército enorme e derrotarmos aqueles Vikings!"
player/campaign/NativeIsland1,header3,Lumzumba Lazybones,Dumzumba Dovenpind,Lumzumba der Lahme,Humfumba Huesosvagos,Lumzumba Bracciafiacche,Lumzumba Lerdo
player/campaign/NativeIsland1,dialog3,*mumble* *grumble*,*mumle* *skumle*,*mümpf* *grummel*,"hmmm, jo ",*mumble* *grumble*,*murmúria* *resmunga*
player/campaign/NativeIsland1,header4,Chief Ngumba,Høvding Ngumba,Häuptling Ngumba,Jefe Ngumba,Capo Ngumba,Chefe Ngumba
player/campaign/NativeIsland1,dialog4,What?,Hvad?,Was?,¡¿Qué pasa?!,Cosa?,O quê?
player/campaign/NativeIsland1,header5,Lumzumba Lazybones,Dumzumba Dovenpind,Lumzumba der Lahme,Humfumba Huesosvagos,Lumzumba Bracciafiacche,Lumzumba Lerdo
player/campaign/NativeIsland1,dialog5,"Er, yes Chief, right away!","Øh, javel høvding, med det samme!","Äh, ja Chef, geht klar!","Estooo, sí Jefe, ¡Ahora mismo!","Emh, si Capo, subito!","ah, sim chefe, agora mesmo!"
player/campaign/NativeIsland1,captive,Captive,Træl,Gefangener,Prisionero,Prigionieri,Cativo
player/campaign/NativeIsland1,name0,,,,,,
player/campaign/NativeIsland1,name1,,,,,,
player/campaign/NativeIsland1,name2,Vikings,Vikinger,Wikinger,Vikingos,Vichinghi,Vikings
player/campaign/NativeIsland1,name3,,,,,,
player/campaign/NativeIsland1,name4,Guards,Vagter,Wachen,Guardias,Guardie,Guardas
player/campaign/NativeIsland1,name5,,,,,,
player/campaign/NativeIsland1,objective0,Kill the guards.,Dræb vagterne.,Töten Sie die Wachen.,Matar a los guardias.,Uccidi le guardie.,Mate os guardas.
player/campaign/NativeIsland1,objective1,Destroy the Vikings.,Udslet vikingerne.,Vernichten Sie die Wikinger.,Destruir a los Vikingos.,Annienta i Vichinghi.,Destrua os Vikings.
player/campaign/NativeIsland2,header,Öldurey,Öldurey,Öldurey,Öldurey,Öldurey,Öldurey
player/campaign/NativeIsland2,description,The thralls from Gunnar''s island claim that some of them were transported to this island when they first got here.,"Trællene fra Gunnars ø påstår, at nogle af dem blev transporteret til denne ø, da de ankom her til norden.","Die Leibeigenen von Gunnars Insel behaupten, dass einige von ihnen gleich nach ihrer Ankunft auf diese Insel gebracht wurden.",Los presos de la isla de Gunnar dicen que algunos fueron transportados a esta isla cuando pasaron por aquí.,I prigionieri di Gunnar ci dicono che alcuni di loro sono stati lasciati in quest''isola quando sono passati qui.,Os reféns da ilha de Gunnar dizem que alguns deles foram transportados para essa ilha quando passaram por aqui.
player/campaign/NativeIsland2,header0,Chief Ngumba,Høvding Ngumba,Häuptling Ngumba,Jefe Ngumba,Capo Ngumba,Chefe Ngumba
player/campaign/NativeIsland2,dialog0,"The little fellows were right, more of our kinsmen are being held prisoners on this island. Let''s go free them!","De små arbejdere havde ret, flere af vores landsmænd bliver holdt til fange på denne ø. Lad os befri dem!","Die kleinen Kerle hatten recht, es werden noch mehr unserer Brüder auf dieser Insel gefangen gehalten. Los, befreien wir sie!","Nuestros pequeños compañeros tenían razón, algunos de nuestros paisanos están siendo retenidos como rehenes en esta isla. ¡Vamos a rescatarlos!","I nostri amici avevano ragione, molti nostri uomini sono prigionieri in quest''isola. Liberiamoli!","Os pequenos companheiros estavam certos, mais de nossos parentes estão sendo feitos de prisioneiros nessa ilha. Vamos libertá-los!"
player/campaign/NativeIsland2,header1,Chief Ngumba,Høvding Ngumba,Häuptling Ngumba,Jefe Ngumba,Capo Ngumba,Chefe Ngumba
player/campaign/NativeIsland2,dialog1,"Great, we now have {0} additional men to aid us in our quest.","Herligt, vi har nu {0} ekstra mænd til at hjælpe os.","Vorzüglich, jetzt haben wir {0} weitere Männer, die uns bei unserer Suche behilflich sein können.","¡Genial, tenemos {0} hombres más para ayudarnos en nuestra misión!","Grandioso, adesso abbiamo {0} uomini in più con noi.","Ótimo, agora nós temos {0} homens adicionais para nos ajudar em nossa jornada."
player/campaign/NativeIsland2,game_over,All captives were killed. Game over.,Alle fanger blev dræbt. Spillet er slut.,Alle Gefangenen wurden getötet. Game over.,Todos los rehenes fueron asesinados. Fin de la Partida.,Tutti i prigionieri sono stati uccisi. Game over.,Todos cativos foram mortos. Fim de jogo.
player/campaign/NativeIsland2,name0,,,,,,
player/campaign/NativeIsland2,name1,Captives,Fanger,Gefangene,Rehenes,Prigionieri,Cativos
player/campaign/NativeIsland2,name2,Vikings,Vikinger,Wikinger,Vikingos,Vichinghi,Vikings
player/campaign/NativeIsland2,name3,,,,,,
player/campaign/NativeIsland2,name4,,,,,,
player/campaign/NativeIsland2,name5,,,,,,
player/campaign/NativeIsland2,objective,"Destroy the Vikings.
Rescue as many captives as possible.","Udslet vikingerne.
Red så mange fanger som muligt.","Vernichten Sie die Wikinger.
Befreien Sie so viele Gefangene wie möglich.","Destruir a los Vikingos. 
Rescatar tantos rehenes como sea posible.","Annnienta i Vichinghi.
Salva più prigionieri possibile.","Destrua os Vikings.
Resgate quantos cativos puder."
player/campaign/NativeIsland3,header,Dyngjaskagi,Dyngjaskagi,Dyngjaskagi,Dyngjaskagi,Dyngjaskagi,Dyngjaskagi
player/campaign/NativeIsland3,description,"Gunnar mentioned something about a great and formidable thunder god hanging out on this island. Well, there''s no way he''s even half as powerful as The Mighty Xarrr, but he might still be able to help out with the failing Crackling Cloud.","Gunnar nævnte noget om en stor og mægtig tordengud, der skulle holde til på denne ø. Der er ingen chance for, at han er bare halvt så kraftfuld som den mægtige Xarrr, men han kunne måske hjælpe med den fejlende Tossede Tordensky.","Gunnar sagte was über einen großen und allmächtigen Donnergott, der sich irgendwo auf dieser Insel herumtreiben soll. Naja, so stark wie der Mächtige Xarrr wird er sicherlich nicht sein, aber vielleicht kann er uns doch ein wenig aushelfen, jetzt, da uns die Wummernde Wolke im Stich gelassen hat.","Gunnar mencionó algo sobre un grandioso y formidable dios del trueno que residía en esta zona. Bueno, no hay ninguna posibilidad de que sea siquiera la mitad de poderoso que El Poderoso Xarrr, pero puede que sea de ayuda con esa Nube Neutrina que no funciona.","Gunnar ha detto qualcosa circa un formidabile dio del tuono che si trova su quest''isola. Bene, anche se non sarà potente nemmeno la metà del Mitico Xarrr, potrebbe essere in grado di darci una mano con la Nuvola Crepitante.","Gunnar mencionou algo sobre um grande e formidável deus do trovão ficando nessa ilha. Bem, não há como ele sequer ter a metade da força que O Poderoso Xarrr, mas ele ainda pode servir de ajuda com essa Núvem Crepitante que não funciona."
player/campaign/NativeIsland3,header0,Chief Ngumba,Høvding Ngumba,Häuptling Ngumba,Jefe Ngumba,Capo Ngumba,Chefe Ngumba
player/campaign/NativeIsland3,dialog0,"This is our destination - time for a little picnic. We better hurry up though, I think the Vikings are on their way too. Oh, and don''t get too close to those towers.","Dette er vores destination - tid til en lille skovtur. Vi må dog hellere skynde os, jeg tror også, vikingerne er på vej. Og pas i øvrigt lige på med at komme for tæt på tårnene.","Wir sind am Ziel - Zeit für ein kleines Picknick. Wir sollten uns aber beeilen, ich glaube, die Wikinger sind auch schon unterwegs. Oh, und haltet euch von den Türmen fern.","Este es nuestro destino... Hora de tomar una pequeña merienda. Aunque mejor nos damos algo de prisa, creo que los Vikingos también están de camino. Ah, y no os acerquéis demasiado a esas torres.","Questo è il nostro obbiettivo - è ora di un bel picnic. Meglio sbrigarsi, penso che i Vichinghi stiano arrivando. Oh, e non avvicinatevi troppo a quelle torri.","Esse é nosso destino - hora de um pequeno piquenique. Mas é melhor nos apressarmos, Eu acho que os Vikings também estão a caminho. Ah, não chegue muito perto dessas torres."
player/campaign/NativeIsland3,header1,Thor,Thor,Thor,Thor,Thor,Thor
player/campaign/NativeIsland3,dialog1,Who dares to trespass on my peninsula?!?,Hvem vover at betræde min halvø?!?,"Wer wagt es, in mein Reich einzudringen?!?",¿¡¿Quién osa entrometerse en mi península?!?,Chi osa comparire in questo luogo?!?,Quem ousa invadir minha peninsula?!?
player/campaign/NativeIsland3,header2,Chief Ngumba,Høvding Ngumba,Häuptling Ngumba,Jefe Ngumba,Capo Ngumba,Chefe Ngumba
player/campaign/NativeIsland3,dialog2,Chief Ngumba and his fearless warriors!,Høvding Ngumba og hans frygtløse krigere!,Häuptling Ngumba und seine furchtlosen Krieger!,¡El Jefe Ngumba y sus valientes guerreros!,Capo Ngumba e i suoi guerrieri senza paura!,Chefe Ngumba e seus valentes guerreiros!
player/campaign/NativeIsland3,header3,Thor,Thor,Thor,Thor,Thor,Thor
player/campaign/NativeIsland3,dialog3,You impertinent tiny mite! You are going to regret this!,Din næsvise lille mide! Det kommer du til at fortryde!,Ihr impertinenten Zwerge! Das werdet ihr bereuen!,¡Impertinente pequeño insecto!¡Vas a lamentar tus palabras!,"Tu, impertinente piccolo uomo! Rimpiangerai di averlo fatto!",Seu pequeno ácaro impertinente! Você vai se arrepender disso!
player/campaign/NativeIsland3,header4,Chief Ngumba,Høvding Ngumba,Häuptling Ngumba,Jefe Ngumba,Capo Ngumba,Chefe Ngumba
player/campaign/NativeIsland3,dialog4,"Aiieeh, Great Xarrr, protect us!","*hvin* Store Xarrr, beskyt os!","Ahhhh, Großer Xarrr, beschütze uns!","*Aaaaahhh* Gran Xarrr, ¡protégenos!","Aiieeh, Grande Xarrr, proteggici!","Ahhhhh, Grande Xarrr, proteja-nos!"
player/campaign/NativeIsland3,header5,Thor,Thor,Thor,Thor,Thor,Thor
player/campaign/NativeIsland3,dialog5,Xarrr? You know him? He''s one of my old friends from God Academy. Nice chap!,Xarrr? Kender du ham? Han er en af mine gamle venner fra gudeakademiet. Venlig fyr!,Xarrr? Den kennt ihr? Das ist mein alter Kumpel von der Götterakademie! Netter Kerl!,¿Xarrr?... ¿Le conocéis?... Es uno de mis antiguos amigos de la academia de dioses. ¡Gran tipo!,Xarrr? Lo conosci? E'' uno dei miei vecchi amici all''Accademia degli Dei. Quanti ricordi!,Xarrr? Você conhece ele? Ele era um de meus antigos amigos da Academia de Deuses. Bom rapaz!
player/campaign/NativeIsland3,header6,Chief Ngumba,Høvding Ngumba,Häuptling Ngumba,Jefe Ngumba,Capo Ngumba,Chefe Ngumba
player/campaign/NativeIsland3,dialog6,"Ehrm, sure. He taught me to control the weather so I could strike down my enemies with furious lightning. Somehow it doesn''t seem to work in this cold climate though.","Øhm, ja. Han lærte mig at styre vejret, så jeg kunne slå ned på mine fjender med lyn og torden. Det ser dog ikke ud til at virke i dette kolde klima.","Ähm, klar kennen wir den! Er hat mir beigebracht, das Wetter zu beeinflussen, so dass ich meine Feinde mit heftigen Blitzen niederstrecken kann. Aber irgendwie funktioniert das in diesem kalten Klima nicht.","Estoo, claro. Él me enseñó a controlar el clima, así que yo podía sacudir a mis enemigos con furiosos relámpagos. Pero por alguna causa, parece que no funciona en este clima.","Ehrm, si certo. Lui mi ha dato il potere di controllare il tempo così che io possa abbattere i miei nemici con fulmini devastanti. Peraltro non sembra funzionare con questo clima gelido.","Ééé, claro. Ele me ensinou a controlar o clima pra que eu pudesse acertar meus inimigos com um furioso relampago. Mas de alguma forma não parece funcionar nesse clima frio."
player/campaign/NativeIsland3,header7,Thor,Thor,Thor,Thor,Thor,Thor
player/campaign/NativeIsland3,dialog7,"Then he must also have taught you to make that delicious Stinking Stew he used to cook back in the good old days. I love exotic food, but my wife always serves the same boring minced pork and black pudding. Cook me some stew and I''ll help you out with your lightning problem!","Så må han også have lært dig at lave den lækre Stinkende Stuvning, han plejede at lave til mig i de gode gamle dage. Jeg elsker eksotisk mad, men min kone serverer altid det samme kedelige fars og blodpølse. Lav mig noget stuvning, og jeg vil så hjælpe dig med dit tordenproblem!","Dann hat er dir bestimmt auch beigebracht, wie man den vorzüglichen Ekligen Eintopf macht, den er früher immer gekocht hat. Ich liebe exotische Speisen, aber meine Frau setzt mir immer dieselben langweiligen Blut- und Leberwürste vor. Koch mir diesen Eintopf, dann helfe ich euch mit eurem Blitzproblem!","Entonces también te habrá enseñado a hacer ese delicioso Puchero Pútrido que solía hacer en los viejos tiempos. Me encanta la comida exótica, pero mi parienta siempre me cocina el mismo aburrido cerdo troceado con morcilla. ¡Hazme un buen puchero y te ayudaré con tu problema del rayo!","Allora ti avrà anche insegnato a preparare quel delizioso Stufato Nauseante che cucinava sempre nei bei giorni andati. Adoro il cibo esotico, ma mia moglie mi prepara sempre il solito porco trifolato e sanguinaccio. Cucina qualcosa per me e ti aiuterò con il problema dei fulmini!","Então ele deve ter te ensinado também como fazer aquele delicioso Ensopado Fedorento que ele cozinhava lá nos velhos tempos. Eu amo comida exótica, mas minha esposa sempre me serve o mesmo entediante porco picado com chouriço. Me faça um ensopado e eu vou ajudá-lo com seu problema do relampago!"
player/campaign/NativeIsland3,header8,Chief Ngumba,Høvding Ngumba,Häuptling Ngumba,Jefe Ngumba,Capo Ngumba,Chefe Ngumba
player/campaign/NativeIsland3,dialog8,"No problem Thor, I will cook you some Stinking Stew!","OK Thor, jeg laver en portion Stinkende Stuvning til dig!","Kein Problem, Thor, deinen Ekligen Eintopf sollst du haben!","Sin problema, Thor. ¡Te prepararé Puchero Pútrido!","Nessun problema Thor, Ti preparo subito dello Stufato Nauseante!","Sem problemas Thor, Eu vou cozinhar um pouco do Ensopado Fedorento pra você!"
player/campaign/NativeIsland3,name0,,,,,,
player/campaign/NativeIsland3,name1,,,,,,
player/campaign/NativeIsland3,name2,Guards,Vagter,Wachen,Guardias,Guardie,Guardas
player/campaign/NativeIsland3,name3,,,,,,
player/campaign/NativeIsland3,name4,Vikings,Vikinger,Wikinger,Vikingos,Vichinghi,Vikings
player/campaign/NativeIsland3,name5,,,,,,
player/campaign/NativeIsland3,god,Thor,Thor,Thor,Thor,Thor,Thor
player/campaign/NativeIsland3,objective0,Go to Thor.,Gå hen til Thor.,Gehen Sie zu Thor.,Encontrar a Thor.,Vai da Thor.,Vá para Thor.
player/campaign/NativeIsland3,objective1,Cook some Stinking Stew for Thor.,Lav en Stinkende Stuvning til Thor.,Kochen Sie Ekligen Eintopf für Thor.,Preparar un Puchero Pútrido para Thor.,Cucina dello Stufato Nauseante per Thor.,Cozinhe um pouco de Ensopado Fedorento para Thor.
player/campaign/NativeIsland4,header,Jökullhnjúkur,Jökullhnjúkur,Jökullhnjúkur,Jökullhnjúkur,Jökullhnjúkur,Jökullhnjúkur
player/campaign/NativeIsland4,description,"The Vikings'' feared prison island, where they keep the most troublesome prisoners.","Vikingernes frygtede fængselsø, hvor de holder de mest besværlige fanger.",Die gefürchtete Gefangeneninsel der Wikinger. Hier halten sie die widerborstigsten ihrer Häftlinge gefangen.,La temible isla-prisión de los Vikingos. Aquí meten a los prisioneros más problemáticos.,"I Vichinghi temono l''isola galera, dove tengono i prigionieri più pericolosi.","A temida ilha-prisão dos Vikings, onde eles prendem seus prisioneiros mais problemáticos."
player/campaign/NativeIsland4,header0,Fufubi Feeblewit,Fufubi Fumlefjols,Fufubi Flachkopf,Fufubi Pocojuicio,Fufubi Gracilino,Fufubi Franzino
player/campaign/NativeIsland4,dialog0,"Greetings chief, we knew you would come to the rescue! We managed to escape from the prison camp but have been hiding here for days without water or food... I''m afraid we are in a pretty bad condition, so we can''t help you fight the Vikings.","Vær hilset høvding, vi vidste du ville komme og redde os! Det lykkedes os at flygte fra fængselslejren, men vi har gemt os her i dagevis uden mad og vand... Jeg er bange for, at vi er i temmelig ussel stand, så vi kan ikke hjælpe dig med at slås mod vikingerne.","Gott zum Gruße, Chef. Wir wussten, dass du uns zu Hilfe kommen würdest! Wir sind aus dem Gefangenencamp entkommen, aber jetzt hängen wir schon seit Tagen ohne Wasser oder Nahrung in diesem Versteck fest ... Ich fürchte, wir sind in ziemlich übler Verfassung. Gegen die Wikinger können wir dir also nicht behilflich sein.","!Saludos Jefe, sabíamos que vendría a rescatarnos¡ Conseguimos escapar del campo de prisioneros pero hemos estado aquí escondidos durante días, sin agua ni comida... Me temo que no estamos en muy buenas condiciones, así que no vamos a ser de ninguna ayuda contra esos Vikingos.","Salve capo, sapevamo che saresti venuto a liberarci! Siamo riusciti a scappare dalla prigione e siamo rimasti nascosti qui per giorni senz''acqua ne cibo... mi spiace ma nelle condizioni in cui siamo, non possiamo aiutarti a combattere contro i Vichinghi.","Saudações chefe, nós sabíamos que você viria ao resgate! Nós conseguimos escapar do acampamento de prisão mas estivémos nos escondendo aqui por dias sem água ou comida... Receio estarmos em uma condição bem ruim, então não podemos ajudar a lutar contra os Vikings."
player/campaign/NativeIsland4,header1,Chief Ngumba,Høvding Ngumba,Häuptling Ngumba,Jefe Ngumba,Capo Ngumba,Chefe Ngumba
player/campaign/NativeIsland4,dialog1,"Don''t worry, we''ll protect you, but we have a small problem: Our ship hit a reef and is taking in water, so we need to repair it. If we can just stand our ground for a while, we can get off this island and take you with us.","Det skal du ikke bekymre dig om, vi skal nok beskytte dig, men vi har et lille problem. Vores skib ramte et rev på vej herop og tager vand ind, så vi bliver nødt til at reparere det. Vi skal bare holde stand i et lille stykke tid, så kan vi sejle fra øen og tage jer med os.","Keine Sorge, wir werden euch beschützen, aber es gibt da ein kleines Problem: Unser Schiff ist auf ein Riff gelaufen und leckgeschlagen, wir müssen es also reparieren. Wenn wir sie uns nur eine Weile vom Leib halten können, dann können wir von dieser Insel entkommen und euch mitnehmen.","No te preocupes, nosotros os protegeremos... aunque tenemos un pequeño problema: Nuestro barco golpeó un arrecife y se está hundiendo lentamente, así que tenemos que repararlo ya. Si tan sólo pudiéramos defender nuestro terreno durante un rato, podríamos abandonar la isla y llevaros con nosotros.","Non ti preoccupare, vi proteggerò io, ma abbiamo un piccolo problema: La nostra nave ha urtato uno scoglio e sta imbarcando acqua, dobbiamo ripararla. Se riusciamo a sostare qui fino a riparazione ultimata possiamo lasciare quest''isola e portarvi con noi.","Não se preocupe, nós vamos proteger vocês, mas nós temos um pequeno problema: Nosso navio bateu em um recife e está afundando aos poucos, então precisamos reparar-lo. Se nós conseguirmos segurar nosso território por um tempo, nós conseguiremos sair dessa ilha e levar vocês com a gente."
player/campaign/NativeIsland4,game_over,All prisoners were killed. Game over.,Alle fanger blev dræbt. Spillet er slut.,Alle Häftlinge wurden getötet. Game over.,Todos los prisioneros fueron asesinados. Fin de la partida.,Tutti i prigionieri sono stati uccisi. Game over.,Todos os prisioneiros foram mortos. Fim de jogo.
player/campaign/NativeIsland4,name0,,,,,,
player/campaign/NativeIsland4,name1,Captives,Fanger,Gefangene,Prisioneros,Prigionieri,Cativos
player/campaign/NativeIsland4,name2,Vikings,Vikinger,Wikinger,Vikingos,Vichinghi,Vikings
player/campaign/NativeIsland4,name3,,,,,,
player/campaign/NativeIsland4,name4,,,,,,
player/campaign/NativeIsland4,name5,,,,,,
player/campaign/NativeIsland4,objective,Protect the captives for {0} minutes.,Beskyt fangerne i {0} minutter.,Beschützen Sie die Gefangenen {0} Minuten lang.,Protege a los prisioneros durante {0} minutos.,Proteggi i prigionieri per {0} minuti.,Proteja os cativos por {0} minutos.
player/campaign/NativeIsland5,header,Hvermörkey,Hvermörkey,Hvermörkey,Hvermörkey,Hvermörkey,Hvermörkey
player/campaign/NativeIsland5,description,"This is Fjorleif''s own island, where he is probaly hiding now.","Dette er Fjorleifs egen ø, hvor han sandsynligvis gemmer sig nu.",Das ist Fjorleifs Privatinsel. Wahrscheinlich hält er sich hier gerade versteckt.,"Esta es la isla del propio Fjorleif, donde probablemente esté escondiendo.","Questa è l''isola di Fjorleif, probabilmente si sta nascondendo qui.","Essa é a própria ilha de Fjorleif, onde ele provavelmente está se escondendo agora."
player/campaign/NativeIsland5,header0,Chief Ngumba,Høvding Ngumba,Häuptling Ngumba,Jefe Ngumba,Capo Ngumba,Chefe Ngumba
player/campaign/NativeIsland5,dialog0,"What, no statues here either?!? Let''s eradicate those Vikings and find out what happened to our statues.","Hvad, heller ingen statuer her?!? Lad os udrydde de vikinger og finde ud af, hvad der er sket med vores statuer.","Was, hier sind auch keine Statuen?!? Diese Wikinger machen wir platt, und dann finden wir heraus, was mit unseren Statuen geschehen ist.",¿Qué? ¿Aquí tampoco están las estatuas? Vamos a erradicar a esos Vikingos y a averiguar qué ha pasado con nuestras estatuas..,"Cosa, nessuna statua neanche qui?!? Annientate quei Vichinghi e scoprite cos''è successo alle nostre statue.","O quê, sem estátuas aqui também?!? Vamos erradicar aqueles Vikings e descobrir o que aconteceu com nossas estátuas."
player/campaign/NativeIsland5,header1,Grimhildur Guzzlegut,Grimhildur Gunnarsen,Grimhildur Grützenfresser,Trimhildur Tragacañas,Grimhildur il Codardo,Grimhildur Glutão
player/campaign/NativeIsland5,dialog1,"Please don''t hurt me, I will tell you what I know! Fjorleif was here yesterday to brag about his loot, but then he left again for some secret island. I don''t know where it is, but he set his course westwards.","Neeej, vis nåde, jeg skal nok fortælle jer, hvad jeg ved! Fjorleif var her i går for at blære sig med sit rov, men han tog afsted mod en eller anden hemmelig ø. Jeg ved ikke, hvor den er, men han sejlede mod vest.","Bitte, tut mir nichts, ich sage euch alles, was ich weiß! Fjorleif war gestern hier und hat mächtig mit seiner Beute angegeben, aber dann hat er sich wieder auf irgendeine geheime Insel verzogen. Ich weiß nicht, wo sie ist, aber er ist westwärts gesegelt.","¡Por favor, no me hagáis daño, os diré todo lo que sé! Fjorleif estuvo aquí ayer para jactarse de su botín, pero después volvió a partir hacia una isla secreta. No sé donde está, pero se fue hacia el oeste.","Per favore non fatemi del male, vi dirò quello che so! Fjorleif è stato qui ieri per vantarsi del suo bottino, ma poi è salpato verso un''isola segreta. Non so dove sia, ma è andato verso ovest.","Por favor, não me machuque, Eu vou te falar o que eu sei! Fjorleif esteve aqui ontem para exibir seu saque, mas então ele partiu de novo para alguma ilha secreta. Eu não sei onde ela fica, mas ele foi em direção ao oeste."
player/campaign/NativeIsland5,name0,,,,,,
player/campaign/NativeIsland5,name1,,,,,,
player/campaign/NativeIsland5,name2,Vikings,Vikinger,Wikinger,Vikingos,Vichinghi,Vikings
player/campaign/NativeIsland5,name3,,,,,,
player/campaign/NativeIsland5,name4,,,,,,
player/campaign/NativeIsland5,name5,,,,,,
player/campaign/NativeIsland5,objective,Destroy the Vikings.,Udslet vikingerne.,Vernichten Sie die Wikinger.,Destruye a los Vikingos.,Annienta i Vichinghi.,Destrua os Vikings.
player/campaign/NativeIsland6,header,Varðaskógur,Varðaskógur,Varðaskógur,Varðaskógur,Varðaskógur,Varðaskógur
player/campaign/NativeIsland6,description,"Maybe this is the secret island Grimhildur Guzzlegut talked about, when he said Fjorleif sailed westwards with the statues.","Måske er det her den hemmelige ø Grimhildur Gunnarsen talte om, da han sagde, at Fjorleif sejlede mod vest med statuerne.","Vielleicht ist das die geheime Insel, über die Grimhildur Grützenfresser gesprochen hat, als er sagte, dass Fjorleif mit den Statuen westwärts gesegelt ist.","Quizás esta es la isla secreta de la que hablaba Trimhildur Tragacañas, cuando nos dijo que Fjorleif partió hacia el oeste con las estatuas.","Questa dev''essere l''isola segreta di cui parlava Grimhildur il Codardo, quando diceva che Fjorleif era salpato verso ovest con le statue.",Talvez essa seja a ilha secreta que Grimhildur Glutão falou sobre quando ele disse que Fjorleif velejou para o oeste com as estátuas.
player/campaign/NativeIsland6,header0,Chief Ngumba,Høvding Ngumba,Häuptling Ngumba,Jefe Ngumba,Capo Ngumba,Chefe Ngumba
player/campaign/NativeIsland6,dialog0,"Death & Diarrhoea, no statues here either! At least it seems like some of our own countrymen have set up a camp a bit further up the coast.","Død og diarré, heller ingen statuer her! I det mindste ser det da ud som om nogle af vores landsmænd har bygget en lejr et stykke oppe af kysten.",Dünnschiss und Darmamöben! Hier sind auch keine Statuen! Wenigstens haben offenbar einige unserer Landsleute ein Stückchen weiter ihr Lager aufgeschlagen.,"¡Muerte y Diarrea, aquí tampoco hay estatuas!... Al menos parece que algunos de nuestros paisanos han montado un campamento un poco más arriba en la costa.","Morte e diarrea, non ci sono statue neanche qui! Comunque sembra che alcuni dei nostri abbiano costruito un villaggio più avanti, lungo la costa.","Morte e Diarreia, sem estátuas aqui também! Pelo menos parece que alguns de nossos compatriotas montaram um acampamento um pouco acima da costa."
player/campaign/NativeIsland6,header1,Chief Gotoba,Høvding Gotoba,Häuptling Gotoba,Jefe Gotoba,Capo Gotoba,Chefe Gotoba
player/campaign/NativeIsland6,dialog1,"Hail thee, Chief Ngumba! We are a group of former thralls who have escaped. Thanks to the sheer size of this island we managed to hide from the Vikings. We are setting up a camp here so we can build a ship and sail home.","Vær hilset, Høvding Ngumba! Vi er en gruppe af tidligere trælle, der er flygtet. Takket være den enorme størrelse af denne ø har det lykkedes os at holdes os skjult for vikingerne. Vi er ved at etablere en lejr, så vi kan bygge et skib og sejle hjem.","Seid gepriesen, Häuptling Ngumba! Wir sind eine Gruppe ehemaliger Leibeigener, die in die Freiheit entkommen sind. Dank der Größe der Insel konnten wir uns bisher vor den Wikingern verstecken. Wir schlagen hier unser Lager auf, damit wir ein Schiff bauen und nach Hause segeln können!","¡A los buenos días, Jefe Ngumba! Somos un grupo de los rehenes que consiguieron escapar. Gracias al imponente tamaño de esta isla hemos conseguido escondernos de los Vikingos. Hemos montado este campamento aquí, así podremos construir un barco y volver a casa.","Salute, Capo Ngumba! Siamo un gruppo di schiavi fuggitivi. Grazie alle grandi dimensioni di quest''isola siamo riusciti a nasconderci dai Vichinghi. Abbiamo allestito questo accampamento per poter costruire una nave e tornare a casa.","Salve, Chefe Ngumba! Nós somos um grupo de antigos reféns que consiguiram escapar. Graças ao tamanho impressionante dessa ilha nós conseguimos nos esconder dos Vikings. Nós estamos montando um acampamento aqui para que possamos construir um navio e velejar pra casa."
player/campaign/NativeIsland6,header2,Chief Ngumba,Høvding Ngumba,Häuptling Ngumba,Jefe Ngumba,Capo Ngumba,Chefe Ngumba
player/campaign/NativeIsland6,dialog2,"How about we team up and drive the Vikings off this island then? With no Vikings to interfere, I''m sure your boat-building business would be a lot easier.",Hvad med at vi samarbejder om at drive vikingerne bort fra øen? Uden vikinger til at blande sig er jeg sikker på jeres bådprojekt vil være langt nemmere.,"Wie wäre es denn, wenn wir uns zusammentun und die Wikinger von dieser Insel vertreiben? Ich könnte mir vorstellen, dass euer Schiffsbau um einiges schneller vorankäme, wenn euch die Wikinger nicht immer ablenken würden.","¿Qué tal si nos agrupamos y echamos a los vikingos de esta isla? Sin vikingos que interfieran, estoy seguro que construir un barco será mucho más fácil.","Allora perchè non uniamo le nostre forze e cacciamo i Vichinghi da quest''isola ? Senza questi Vichinghi, potrete costruire la vostra nave senza sgradite interferenze.","Que tal nós nos aliarmos e expulsarmos os Vikings pra fora dessa ilha então? Sem vikings para interfirir, eu tenho certeza que a sua construção do navio seria muito mais fácil."
player/campaign/NativeIsland6,header3,Chief Gotoba,Høvding Gotoba,Häuptling Gotoba,Jefe Gotoba,Capo Gotoba,Chefe Gotoba
player/campaign/NativeIsland6,dialog3,Sounds like a plan... time for some Viking-bashing!,Lyder som en god plan... tid til vikingejagt!,Klingt gut ... Auf zum Wikingerknüppeln!,Eso suena como un plan... ¡Hora de apalear Vikingos!,Mmm ottimo piano Capo... è ora di fare un po'' di caccia al Vichingo!,Soa como um plano... hora de bater em Vikings!
player/campaign/NativeIsland6,header4,Ngolongo Nimblefeet,Lgonongo Letpåtå,Ngolongo Noppenfuß,Pognongo Piesbailongos,Ngolongo Pieveloce,Ngolongo Pés-ágeis
player/campaign/NativeIsland6,dialog4,"Hey chief, we found an interesting map in the ruins. It shows an island we didn''t know about, so I have drawn it on our map now. Maybe that''s where Fjorleif is hiding?","Hej høvding, vi fandt et interessant kort i ruinerne. Det viser en ø, vi ikke kendte til, så jeg har tegnet den ind på vores kort. Måske er det der, Fjorleif gemmer sig?","Hey, Chef, wir haben eine interessante Karte in den Ruinen gefunden. Sie zeigt eine Insel, von der wir bisher nichts wussten. Ich habe sie mal in unserer Karte eingezeichnet. Vielleicht hat sich Fjorleif ja hier verkrochen?","Eh Jefe, hemos encontrado un mapa muy interesante en las ruinas. Muestra una isla de la que no sabíamos nada, así que la he añadido a nuestro mapa. ¿Quizás sea allí donde se esconde Fjorleif?","Hei capo, abbiamo trovato una mappa interessante nelle rovine. Sembra che ci sia un''isola nascosta nei paraggi, così l''ho riportata sulla tua mappa. Forse è il nascondiglio di Fjorleif!","Ei chefe, nós encontramos um mapa interessante nas ruínas. Ele mostra uma ilha que nós não conhecíamos, então eu desenhei ela em nosso mapa agora. Talvez seja lá onde Fjorleif está se escondendo?"
player/campaign/NativeIsland6,game_over,All allies were killed. Game over.,Alle allierede blev dræbt. Spillet er slut.,Alle Verbündeten wurden getötet. Game over.,Todos los aliados fueron asesinados. Fin de la partida.,Tutti gli alleati sono morti. Game over.,Todos os aliados foram mortos. Fim de jogo.
player/campaign/NativeIsland6,name0,,,,,,
player/campaign/NativeIsland6,name1,Allies,Allierede,Verbündete,Aliados,Alleati,Aliados
player/campaign/NativeIsland6,name2,Vikings,Vikinger,Wikinger,Vikingos,Vichinghi,Vikings
player/campaign/NativeIsland6,name3,Vikings,Vikinger,Wikinger,Vikingos,Vichinghi,Vikings
player/campaign/NativeIsland6,name4,,,,,,
player/campaign/NativeIsland6,name5,,,,,,
player/campaign/NativeIsland6,objective,"Destroy the Vikings.
Protect your allies.","Udslet vikingerne.
Beskyt dine allierede.","Vernichten Sie die Wikinger.
Beschützen Sie Ihre Verbündeten.","Destruye a los Vikingos.
Protege a tus aliados.","Annienta i Vichinghi.
Proteggi i tuoi alleati.","Destrua os Vikings.
Proteja seus Aliados."
player/campaign/NativeIsland7,header,Reykuröræfi,Reykuröræfi,Reykuröræfi,Reykuröræfi,Reykuröræfi,Reykuröræfi
player/campaign/NativeIsland7,description,This has to be Fjorleif''s secret hideout. No doubt he has hidden the statues here.,Det her må bare være Fjorleifs hemmelige gemmested. Ingen tvivl om at statuerne er gemt her.,Das muss Fjorleifs geheimes Versteck sein. Zweifellos hat er die Statuen hier versteckt.,Este tiene que ser el escondite secreto de Fjorleif. No hay ninguna duda de que ha escondido las estatuas aquí.,Questo dev''essere il nascondiglio di Fjorleif. Senza dubbio ha nascosto le statue qui.,Esse tem que ser o esconderijo secreto de Fjorleif. Sem dúvida alguma ele escondeu as estátuas aqui.
player/campaign/NativeIsland7,header0,Chief Fjorleif,Høvding Fjorleif,Häuptling Fjorleif,Jefe Fjorleif,Capo Fjorleif,Chefe Fjorleif
player/campaign/NativeIsland7,dialog0,Well well... look who we have here. If it isn''t the famed Chief Ngumba! You must really care about those ugly statues since you went all the way up here for them.,"Jamen dog... se hvem vi har her. Er det ikke den berygtede Høvding Ngumba! Du må virkelig være glad for de grimme statuer, siden du gider rejse helt herop efter dem.","So, so ... wen haben wir denn da? Wenn das nicht der ehrenwerte Häuptling Ngumba ist! Diese hässlichen Statuen müssen euch ja schon sehr am Herzen liegen, wenn ihr dafür den langen Weg in den hohen Norden auf euch genommen habt.",Bueno bueno... mira quien tenemos aquí. !Si es el famoso Jefe Ngumba! Realmente te importan esas horribles estatuas si has venido hasta aquí por ellas.,Bene bene... guarda chi si vede. Il famoso Capo Ngumba! Devi avere molto a cuore le tue statue per venire fino a qui per riprenderle.,Hora hora... olhe quem nós temos aqui. Se não é o famoso Chefe Ngumba! Você deve realmente se importar com essas estátuas feias já que você veio até aqui por elas.
player/campaign/NativeIsland7,header1,Chief Ngumba,Høvding Ngumba,Häuptling Ngumba,Jefe Ngumba,Capo Ngumba,Chefe Ngumba
player/campaign/NativeIsland7,dialog1,"More than you think, Fjorleif... I think it''s time we teach you a lesson about not stealing other people''s golden statues!","Mere end du tror, Fjorleif... Jeg tror det er på tide, at vi giver dig en lærestreg om ikke at stjæle andre folks guldstatuer!","Mehr als du glaubst, Fjorleif ... Ich glaube, es ist an der Zeit, dass du lernst, was passieren kann, wenn man anderer Leute Goldstatuen klaut!","Más de lo que piensas, Fjorleif... ¡Creo que es hora de enseñarte una lección sobre no robar estatuas de oro ajenas!","Più di quello che pensi, Fjorleif... Credo sia giunto il momento di insegnarti che non è molto carino rubare le statue d''oro altrui!","Mais do que você pensa, Fjorleif... Eu acho que é hora de ensinarmos a você uma lição sobre não roubar as estátuas douradas de outras pessoas!"
player/campaign/NativeIsland7,name0,,,,,,
player/campaign/NativeIsland7,name1,,,,,,
player/campaign/NativeIsland7,name2,Vikings,Vikinger,Wikinger,Vikingos,Vichinghi,Vikings
player/campaign/NativeIsland7,name3,,,,,,
player/campaign/NativeIsland7,name4,,,,,,
player/campaign/NativeIsland7,name5,,,,,,
player/campaign/NativeIsland7,statue,Golden statue,Guldstatue,Goldstatue,Estatua de oro,Statue d''oro,Estátua dourada
player/campaign/NativeIsland7,objective,Destroy Fjorleif''s tribe and reclaim the statues.,Udslet Fjorleifs stamme og stjæl statuerne tilbage.,"Vernichten Sie Fjorleifs Stamm, und nehmen Sie die Statuen wieder in Besitz.",Destruir la tribu de Fjorleif y recuperar las estatuas.,Annienta la tribù di Fjorleif e recupera le statue.,Destrua a tribo de Fjorleif e recupere as estátuas.
player/campaign/VikingCampaign,limited,This island is not available in this demo version of Tribal Trouble.,Kun den første ø er tilgængelig i denne demonstrationsudgave af Tribal Trouble.,In der Demoversion von Tribal Trouble steht nur die erste Insel zur Verfügung.,Sólo la primera isla está disponible en esta versión de demostración de Tribal Trouble.,Quest''isola non è disponibile nella versione demo di Tribal Trouble.,Essa ilha não está disponível nessa versão de demonstração de Tribal Trouble.
player/campaign/VikingIsland0,header0,Petur the Peon,Bjarke Bonderøv,Knut der Knecht,Petur el Peón,Petur il Peone,Petur o peão
player/campaign/VikingIsland0,dialog0,"Oh my, what a disaster! Not only did we drink too much again, we were also hit by a raging thunderstorm that lasted for days. One can only wonder where we have ended up. Half of the crew is missing and Chief Fjorleif fell over board somewhere near this island. I think he is being held captive by the natives... we have to free him!","Åh nej, hvilken katastrofe! Ikke nok med at vi drak for meget igen. Vi blev også ramt af en voldsom tordenstorm, der varede i dagevis. Vi kan kun gætte på, hvor vi er endt henne. Halvdelen af mandskabet er væk, og Høvding Fjorleif faldt over bord et eller andet sted i nærheden af denne ø. Jeg tror, han bliver holdt fanget af de indfødte... vi bliver nødt til at befri ham!","Was für ein Chaos! Nicht nur, dass wir wieder mal zu viel gebechert haben, nein, wir sind auch noch in ein schreckliches Unwetter geraten, das mehrere Tage gedauert hat. Wir können nur raten, wo wir eigentlich gelandet sind. Die Hälfte der Crew fehlt, und Häuptling Fjorleif ist irgendwo in der Nähe dieser Insel über Bord gegangen. Ich denke, er wird von den Eingeborenen gefangen gehalten ... wir müssen ihn befreien!","¡Ay madre, qué desastre! No sólo volvimos a beber demasiado, sino que una descomunal tormenta nos ha golpeado durante días. Uno sólo puede intentar adivinar donde acabaremos. La mitad de la tripulación ha desaparecido y el Jefe Fjorleif desembarcó cerca de esta isla. Creo que ha sido capturado por los indígenas... ¡tenemos que liberarlo!","Oh dio, che disastro! Non solo abbiamo bevuto troppo un''altra volta ma siamo pure stati investiti da una tempesta. Uno può solo ringraziare di aver salva la pelle. Metà della ciurma è sparita e il Capo Fjorleif è stato sbalzato fuori dalla nave da qualche parte in quest''isola. Penso sia stato catturato dai nativi... dobbiamo liberarlo!","Ah minha nossa, que desastre! Não apenas bebemos muito de novo, como também fomos atingidos por uma tempestade furiosa que durou por dias. Só resta imaginar onde acabamos. Metade da tripulação está desaparecida e o Chefe Fjorleif desembarcou perto desta ilha. Eu acho que ele está sendo mantido cativo pelos indígenas... temos que libertá-lo!"
player/campaign/VikingIsland0,header1,Chief Fjorleif,Høvding Fjorleif,Häuptling Fjorleif,Jefe Fjorleif,Capo Fjorleif,Chefe Fjorleif
player/campaign/VikingIsland0,dialog1,"Good work, men! While I was held captive by the natives, I managed to copy one of their maps. I think they''ve got some treasure hidden on the larger islands. We lost all our loot in the storm and I dare not imagine what our wives would do to us if we return empty-handed from this trip, so let''s get to work!","Godt arbejde! Mens jeg blev holdt fanget af de indfødte, lykkedes det mig at kopiere et af deres kort. Jeg tror, de har nogle skatte gemt på de større øer. Vi mistede vores rov under stormen, og jeg tør ikke engang forestille mig, hvad vores koner gør ved os, hvis vi kommer tomhændet hjem fra denne rejse. Lad os komme igang!","Gute Arbeit, Männer! Während ich von diesen Wilden gefangen gehalten wurde, konnte ich einige ihrer Karten abzeichnen. Ich glaube, irgendwo auf einer dieser größeren Inseln haben die einen Schatz versteckt. Wir haben unsere gesamte Beute im Sturm verloren, und ich mag gar nicht daran denken, was unsere Frauen uns antun würden, wenn wir mit leeren Händen von dieser Reise zurückkämen. Machen wir uns also an die Arbeit!","¡Buen trabajo, chicos! Mientras estaba capturado por los indígenas, conseguí copiar uno de sus mapas. Creo que tienen algún botín escondido en las islas más grandes. Perdimos todo nuestro botín durante la tormenta, y no quiero ni imaginarme lo que nos harán nuestras parientas si volvemos a casa con las manos vacías de este viaje. ¡Así que a trabajar!","Ottimo lavoro, uomini! Mentre ero prigioniero dei nativi, ho copiato una delle loro mappe. Penso che abbiano dei tesori nascosti nell''isola più grande. Abbiamo perso tutto il nostro bottino nella tempesta e non voglio nemmeno immaginare cosa ci faranno le nostre mogli se torniamo a mani vuote, quindi al lavoro!","Bom trabalho, homens! Enquanto estive sendo mantido cativo pelos indígenas, Eu consegui copiar um de seus mapas. Eu acho que eles possuem algum tesouro escondido nas ilhas maiores. Nós perdemos todo nosso saque na tempestade e eu não quero nem imaginar o que nossas esposas iriam fazer se voltássemos de mãos vazias dessa viagem, então vamos ao trabalho!"
player/campaign/VikingIsland0,game_over,Chief Fjorleif was killed. Game over.,Høvding Fjorleif blev dræbt. Spillet er slut.,Häuptling Fjorleif wurde getötet. Game over.,El Jefe Fjorleif ha sido asesinado. Fin de la partida.,Capo Fjorleif è stato ucciso. Game over.,Chefe Fjorleif foi morto. Fim de jogo.
player/campaign/VikingIsland0,name0,,,,,,
player/campaign/VikingIsland0,name1,Fjorleif,Fjorleif,Fjorleif,Fjorleif,Fjorleif,Fjorleif
player/campaign/VikingIsland0,name2,Natives,Indfødte,Eingeborene,Indígenas,Nativi,Indígenas
player/campaign/VikingIsland0,name3,,,,,,
player/campaign/VikingIsland0,name4,,,,,,
player/campaign/VikingIsland0,name5,,,,,,
player/campaign/VikingIsland0,objective,"Destroy the natives.
Rescue the chieftain.","Udslet de indfødte.
Befri høvdingen.","Vernichten Sie die Eingeborenen.
Befreien Sie den Häuptling.","Destruye a los indígenas.
Rescata al jefe tribal.","Annienta i nativi.
Libera il capo.","Destrua os indígenas.
Resgate o chefe."
player/campaign/VikingIsland1,header,Mobubu,Mobubu,Mobubu,Mobubu,Mobubu,Mobubu
player/campaign/VikingIsland1,description,"Some of our men were washed over board near this island... if there are any survivors, we must pick them up.","Nogle af vores mænd blev skyllet over bord nær denne ø... hvis der er nogen overlevende, må vi samle dem op.","Einige unserer Männer sind nahe dieser Insel über Bord gegangen ... falls es Überlebende gibt, müssen wir sie finden.","Algunos de nuestros hombres fueron lanzados por la borda cerca de esta isla. Sí hay algún superviviente, debemos encontrarlo.","Alcuni dei nostri uomini sono caduti in mare vicino a quest''isola... se qualcuno è sopravvissuto, dobbiamo trovarlo.","Alguns de nossos homens foram jogados ao mar e terminaram perto desta ilha... se existe algum sobrevivente, nós precisamos resgatá-lo."
player/campaign/VikingIsland1,header0,Chief Fjorleif,Høvding Fjorleif,Häuptling Fjorleif,Jefe Fjorleif,Capo Fjorleif,Chefe Fjorleif
player/campaign/VikingIsland1,dialog0,"Some of our men were washed over board near this island, and I think they must have been captured by the natives. Let''s go free them!","Nogle af vores mænd blev skyllet over bord nær denne ø, og jeg tror de er blevet taget til fange af de indfødte. Lad os befri dem!","Einige unserer Männer sind nahe dieser Insel über Bord gegangen und wurden bestimmt von den Eingeborenen gefangen genommen. Los, befreien wir sie!","Algunos de nuestros hombres fueron lanzados por la borda cerca de aquí, y creo que pueden haber sido capturados por los indígenas. ¡Vamos a liberarlos!",Alcuni dei nostri uomini sono caduti in mare vicino a quest''isola e penso siano stati catturati dai nativi. Andiamo a liberarli!,"Alguns de nossos homens foram jogados ao mar perto desta ilha, e eu acho que eles devem ter sido capturados pelos indígenas. Vamos libertá-los!"
player/campaign/VikingIsland1,header1,Thorfinn Toothpick,Thorfinn Tandstik,Thorfinn Teleskop,Phorfinn Pilladiente,Thorfinn Stecchino,Thorfinn Palito de Dente
player/campaign/VikingIsland1,dialog1,"Phew, thanks for freeing us! Let''s go loot something!","Pyha, tak fordi i befriede os! Lad os tage ud og plyndre et eller andet!","Uff, danke für die Rettungsaktion! Los, sehen wir, was es zu plündern gibt!","¡Fíuuu, gracias por liberarnos!... ¡Vamos a saquear algo!","Phew, grazie per averci liberato! Ed ora andiamo a saccheggiare!","Ufa, obrigado por nos libertar! Vamos saquear alguma coisa!"
player/campaign/VikingIsland1,game_over,All prisoners were killed. Game over.,Alle fanger blev dræbt. Spillet er slut.,Alle Häftlinge wurden getötet. Game over.,Todos los prisioneros fueron asesinados. Fin de la partida.,Tutti i prigionieri sono stati uccisi. Game over.,Todos os prisioneiros foram mortos. Fim de jogo.
player/campaign/VikingIsland1,name0,,,,,,
player/campaign/VikingIsland1,name1,Captives,Fanger,Gefangene,Prisioneros,Prigionieri,Cativos
player/campaign/VikingIsland1,name2,Natives,Indfødte,Eingeborene,Indígenas,Nativi,Indígenas
player/campaign/VikingIsland1,name3,,,,,,
player/campaign/VikingIsland1,name4,,,,,,
player/campaign/VikingIsland1,name5,,,,,,
player/campaign/VikingIsland1,objective,"Destroy the natives.
Rescue as many captives as possible.","Udslet de indfødte.
Befri så mange fanger som muligt.","Vernichten Sie die Eingeborenen.
Befreien Sie so viele Gefangene wie möglich.","Destruye a los indígenas.
Rescata tantos prisioneros como puedas.","Annienta i Nativi.
Libera più prigionieri possibile.","Destrua os indígenas.
Resgate quantos cativos puder."
player/campaign/VikingIsland10,header,Kogafutshlum,Kogafutshlum,Kogafutshlum,Kogafutshlum,Kogafutshlum,Kogafutshlum
player/campaign/VikingIsland10,description,"The hidden island where the great thunder god Xarrr resides on the mountain top. If we make it to the top, we may be granted a wish.","Den skjulte ø hvor den store tordengud Xarrr bor på toppen af bjerget. Hvis vi når op på toppen, får vi måske opfyldt et ønske.","Die verborgene Insel, auf deren höchstem Berg der große Donnergott Xarrr lebt. Wenn wir es bis zum Gipfel schaffen, gewährt er uns vielleicht einen Wunsch.","La isla oculta donde el Gran dios del trueno Xarrr descansa en la cima de su montaña. Si llegamos a la cima, podemos ser bendecidos con un deseo.",L''isola segreta sulla cima della cui montagna vive il grande Xarr. Se riusciamo a raggiungere la cima esaudirà un nostro desiderio.,"A ilha escondida onde o grande deus do trovão Xarrr reside no topo da montanha. Se alcançarmos o topo, talvez nós seremos concedidos um desejo."
player/campaign/VikingIsland10,header0,Chief Fjorleif,Høvding Fjorleif,Häuptling Fjorleif,Jefe Fjorleif,Capo Fjorleif,Chefe Fjorleif
player/campaign/VikingIsland10,dialog0,"This has to be the mountain Chief Mozumba mentioned. We must reach the top of it, but I''m not sure those natives will let us pass without a fight. Perhaps we can find another way around?","Det må være det her bjerg, Høvding Mozumba snakkede om. Vi må nå op på toppen, men jeg er ikke sikker på, de indfødte vil lade os passere uden kamp. Måske kan vi finde en anden vej rundt?","Das muss der Berg sein, von dem Häuptling Mozumba gesprochen hat. Wir müssen den Gipfel erreichen, aber ich bin mir nicht so sicher, dass diese Eingeborenen uns so einfach ohne Kampf dorthin lassen. Vielleicht sollten wir einen anderen Weg suchen.","Esta tiene que ser la montaña que mencionó el Jefe Mezumban. Debemos alcanzar la cima, pero no sé si esos indígenas nos dejarán pasar sin luchar. Quizás podamos encontrar otra ruta dando un rodeo.","Questa dev''essere la montagna di cui parlava Mozumba. Dobbiamo raggiungere la cima, ma non sono sicuro che i nativi ci lasceranno passare senza combattere. Forse dobbiamo trovare un''altra strada ?","Essa tem que ser a montanha que o Chefe Mozumba mencionou. Precisamos alcançar o topo dela, mas não estou certo de que os indígenas vão nos deixar passar sem uma luta. Talvez possamos encontrar outro caminho?"
player/campaign/VikingIsland10,header1,Chief Fjorleif,Høvding Fjorleif,Häuptling Fjorleif,Jefe Fjorleif,Capo Fjorleif,Chefe Fjorleif
player/campaign/VikingIsland10,dialog1,"Finally, we made it to the top! Now where is this thunder god... all I see is a small ugly statue!","Endelig, vi nåede toppen! Nå, hvor er den tordengud... jeg kan ikke se andet end en grim statue!","Endlich, wir haben den Gipfel erreicht! So, und wo ist nun dieser Donnergott ... ich sehe nur eine kleine, hutzelige Figur!","¡Al fin, llegamos a la cima! Y ahora, ¿Dónde está el dios del trueno ese?... ¡lo único que veo es una fea y pequeña estatua!","Finalmente, siamo giunti alla cima! Allora, dov''è questo dio del tuono... tutto quello che vedo è un''enorme e orrenda statua!","Finalmente, chegamos ao topo! Agora onde está esse deus do trovão... tudo que eu vejo é uma pequena estátua feia!"
player/campaign/VikingIsland10,header2,Xarrr The Thunderer,Xarrr,Xarrr der Donnergott,Xarrr,Xarrr Il Crepitante,Xarrr O Trovejante
player/campaign/VikingIsland10,dialog2,"WHAT BRINGS YOU TO MY ABODE, MORTAL?","HVAD BRINGER DIG TIL MIT RIGE, DØDELIGE?","WAS FÜHRT DICH ZU MIR, STERBLICHER?","¿QUÉ TE TRAE A MI HOGAR, MORTAL?","COSA VI PORTA AL MIO COSPETTO, MORTALI?","O QUE TRAZ VOCÊ À MINHA MORADA, MORTAL?"
player/campaign/VikingIsland10,header3,Chief Fjorleif,Høvding Fjorleif,Häuptling Fjorleif,Jefe Fjorleif,Capo Fjorleif,Chefe Fjorleif
player/campaign/VikingIsland10,dialog3,"Yikes, the statue is talking! Erhm... oh, Great Xarrr, Chief Mozumba told me that if we climbed your mountain, you might be so kind as to grant us a ...  er ...","Argh, statuen taler! Øhm... åh, store Xarrr, Høvding Mozumba fortalte mig, at hvis vi klatrede op ad dit bjerg, så ville du være så venlig at opfylde et ... øh ...","Ups, die Figur spricht! Äh, ja, also, ... Großer Xarrr, Häuptling Mozumba sagte mir, dass ... äh ... also, wenn wir deinen Berg besteigen, würdest du uns einen ... naja ... also ... einen ... ähem ... Wunsch ... gewähren ...?","¡Qué... la estatua habla! Hmmmm... oh, Gran Xarrr, el Jefe Mezumban me contó que si subíamos hasta la cima de la montaña, tu podrías ser tan amable de concedernos un.... em..... un....","Yikes, la statua sta parlando! Erhm... oh, Grande Xarrr, Capo Mozumba ci ha detto che se avessimo scalato la tua montagna, tu saresti stato così gentile da esaudire un nostro...  emm ...","Credo, a estátua está falando! Ééé... oh, Grande Xarrr, O Chefe Mozumba me disse que se nós subíssemos sua montanha, você podia ser tão gentil pra nos conceder um... é ..."
player/campaign/VikingIsland10,header4,Xarrr The Thunderer,Xarrr,Xarrr der Donnergott,Xarrr,Xarrr Il Crepitante,Xarrr O Trovejante
player/campaign/VikingIsland10,dialog4,A WISH?,ET ØNSKE?,EINEN WUNSCH?,¿UN DESEO?,UN DESIDERIO?,UM DESEJO?
player/campaign/VikingIsland10,header5,Chief Fjorleif,Høvding Fjorleif,Häuptling Fjorleif,Jefe Fjorleif,Capo Fjorleif,Chefe Fjorleif
player/campaign/VikingIsland10,dialog5,"*gulp* Yup, that was it!","*gylp* Ja, det var det!","*schluck* Ja, so was in der Art hat er gesagt ...","*glup* Sí, ¡eso!","*gulp* Yup, si esatto!","*glup* Sim, era isso!"
player/campaign/VikingIsland10,header6,Xarrr The Thunderer,Xarrr,Xarrr der Donnergott,Xarrr,Xarrr Il Crepitante,Xarrr O Trovejante
player/campaign/VikingIsland10,dialog6,"Very well, what do you wish for, mortal?","Nuvel, hvad ønsker du dig, dødelige?","Nun gut, was wünschst du dir, Sterblicher?","MUY BIEN, ¿QUÉ DESEAS, MORTAL?","Molto bene, che cosa desideri, mortale?","Muito bem, o que você deseja, mortal?"
player/campaign/VikingIsland10,header7,Chief Fjorleif,Høvding Fjorleif,Häuptling Fjorleif,Jefe Fjorleif,Capo Fjorleif,Chefe Fjorleif
player/campaign/VikingIsland10,dialog7,Uhm... I wish that my enemies would crumble before me!,"Øhm... Jeg ønsker, at mine fjender falder for mine fødder!","Ähm ... ich wünsche mir, dass meine Feinde vor mir zu Staub zerfallen!",Ahmmm... ¡Me gustaría que mis enemigos se desmoronaran ante mí!,Uhm... voglio che i miei nemici si sbriciolino davanti a me!,Uhm... Eu desejo que meus inimigos se despedacem diante de mim!
player/campaign/VikingIsland10,header8,Xarrr The Thunderer,Xarrr,Xarrr der Donnergott,Xarrr,Xarrr Il Crepitante,Xarrr O Trovejante
player/campaign/VikingIsland10,dialog8,"Allright, from now on you will be able to use your lur to create a Ravaging Roar that will crush anything in your vicinity!","OK, fra nu af vil du være i stand til at bruge din lur til at blæse et Bragende Brøl, der vil knuse alt i nærheden af dig!","Okidokie, dann sollst du von jetzt an mit deiner Lure einen Destruktiven Donner erzeugen können, der alles und jeden in deiner Nähe zu Staub zerfallen lässt!","DE ACUERDO, ¡DESDE AHORA PODRÁS USAR TU LUR PARA CREAR UN RUGIDO ROMPEDOR QUE ROMPERÁ TODO LO QUE ESTÉ CERCA DE TÍ!","Bene, da ora in avanti potrai usare il tuo corno per creare il Ruggito Devastante che disintegrerà tutto nelle tue vicinanze!","Tudo bem, de agora em diante você poderá usar sua lura para criar o Rugido Devastador que irá estraçalhar qualquer coisa ao seu arredor!"
player/campaign/VikingIsland10,header9,Chief Fjorleif,Høvding Fjorleif,Häuptling Fjorleif,Jefe Fjorleif,Capo Fjorleif,Chefe Fjorleif
player/campaign/VikingIsland10,dialog9,"Wow, thanks ... I guess.","Orv, tak ... eller noget.","Cool, danke ... so sagt man doch, oder ... ?","Guau, gracias... supongo.","Wow, grazie ... immagino.","Uau, obrigado ... Eu acho."
player/campaign/VikingIsland10,header10,Xarrr The Thunderer,Xarrr,Xarrr der Donnergott,Xarrr,Xarrr Il Crepitante,Xarrr O Trovejante
player/campaign/VikingIsland10,dialog10,"Now, if you will have me excused... I have thunderstorms to attend to.","Nå, hvis du vil have mig undskyldt... jeg har en tordenstorm at tage mig af.",Wenn ihr mich jetzt entschuldigen wollt ... ich muss mich noch um ein paar Unwetter kümmern.,"AHORA, SI ME DISCULPAS... TENGO TORMENTAS QUE ATENDER.","Adesso, se volete scusarmi... ho delle tempeste che mi attendono.","Agora, se me der licença... Eu tenho tempestades para atender."
player/campaign/VikingIsland10,header11,Chief Fjorleif,Høvding Fjorleif,Häuptling Fjorleif,Jefe Fjorleif,Capo Fjorleif,Chefe Fjorleif
player/campaign/VikingIsland10,dialog11,"Hmm... that might explain the raging thunderstorm that got us here in the first place. Oh well, better try that new Ravaging Roar before we move on. Just do a little demonstration right here.","Hmm... det forklarer måske den voldsomme tordenstorm, der bragte os hertil til at begynde med. Nå, jeg må hellere få prøvet det Bragende Brøl, inden vi går videre. Bare lav en lille demonstration lige her.","Hmm, das könnte das furchtbare Unwetter erklären, aufgrund dessen wir überhaupt hier gestrandet sind. Egal, probieren wir den Destruktiven Donner lieber aus, bevor wir weiter müssen. Am besten jetzt und hier.","Hmm... eso podría explicar la terrible tormenta que nos trajo hasta aquí en un principio. Bueno, será mejor probar el nuevo Rugido Rompedor antes de ir a ningún sitio. Hagamos una pequeña prueba aquí mismo.","Hmm... questo spiega la devastante tempesta che ci ha scaraventato contro l''isola. Bene, meglio provare subito il Ruggito Devastante prima di muoverci. Solo una piccola dimostrazione.","Hmm... Isso talvez explique a tempestade furiosa que colocou a gente aqui em primeiro lugar. Ah bem, melhor testar aquele novo Rugido Devastador antes de irmos. Apenas faça uma pequena demonstração bem aqui."
player/campaign/VikingIsland10,statue,Xarrr The Thunderer,Xarrr,Xarrr der Donnergott,Xarrr El Atronador,Xarrr Il Crepitante,Xarrr O Trovejante
player/campaign/VikingIsland10,name0,,,,,,
player/campaign/VikingIsland10,name1,,,,,,
player/campaign/VikingIsland10,name2,Natives,Indfødte,Eingeborene,Indígenas,Nativi,Indígenas
player/campaign/VikingIsland10,name3,,,,,,
player/campaign/VikingIsland10,name4,,,,,,
player/campaign/VikingIsland10,name5,,,,,,
player/campaign/VikingIsland10,objective0,Reach the top of the mountain.,Nå op til toppen af bjerget.,Schlagen Sie sich bis zum Gipfel durch.,Alcanzar la cima de la montaña.,Raggiungi la cima della montagna.,Alcance o topo da montanha.
player/campaign/VikingIsland10,objective1,Do a Ravaging Roar from the top of the mountain.,Blæs et Bragende Brøl fra toppen af bjerget.,Lassen Sie einen Destruktiven Donner vom Gipfel erschallen.,Hacer un Rugido Rompedor desde lo alto de la montaña.,Emetti un Ruggito Devastante dalla cima della montagna.,Toque um Rugido Devastador no topo da montanha.
player/campaign/VikingIsland11,header,Fufupogo,Fufupogo,Fufupogo,Fufupogo,Fufupogo,Fufupogo
player/campaign/VikingIsland11,description,One of our rivals'' ships has been spotted near this island. Perhaps they have found out about the native''s treasure too.,En af vores rivalers skibe er blevet set i nærheden af denne ø. Måske har de også hørt om de indfødtes skatte.,Das Schiff eines unserer Rivalen wurde nahe dieser Insel gesichtet. Vielleicht hat man dort auch vom Schatz der Eingeborenen gehört.,Una de las naves de nuestros rivales ha sido vista cerca de esta isla. Quizás también han averiguado algo sobre el tesoro de los indígenas.,Una delle navi dei nostri rivali è apparsa vicino a quest''isola. Forse anche loro hanno saputo del tesoro dei nativi.,Um dos navios de nossos rivais foi avistado próximo dessa ilha. Talvez eles descobriram sobre o tesouro dos indígenas também.
player/campaign/VikingIsland11,header0,Chief Fjorleif,Høvding Fjorleif,Häuptling Fjorleif,Jefe Fjorleif,Capo Fjorleif,Chefe Fjorleif
player/campaign/VikingIsland11,dialog0,"Oh no, my arch rival Egill Egghead has conquered this island. No doubt he is after the native''s treasure too. Yikes, I think he spotted us!","Åh nej, min ærkerival Egill Ejeglad har erobret øen. Ingen tvivl om, at han også er ude efter de indfødtes skat. Argh, jeg tror han har set os!","Oh nein, mein Erzrivale Egill Eierkopf hat diese Insel erobert! Der ist bestimmt auch hinter dem Schatz der Eingeborenen her. Mist, ich glaube, er hat uns entdeckt!","¡Oh no, mi archienemigo Cagill Cabezahuevo ha conquistado esta isla! Sin duda él también está tras el tesoro de los indígenas. ¡Wops, creo que nos han visto!","Oh no, il mio arci rivale Egill Testa d''uovo ha conquistato quest''isola. Di certo è anche lui alla ricerca del tesoro dei nativi. Yikes, penso ci abbia fregati!","Ah não, meu arqui-rival Egill Cabeça de Ovo conquistou essa ilha. Sem sombra de dúvidas ele está atrás do tesouro dos indígenas também. Credo, Eu acho que ele nos viu!"
player/campaign/VikingIsland11,header1,Egill Egghead,Egill Ejeglad,Egill Eierkopf,Cagill Cabezahuevo,Egill Testa d''uovo,Egill Cabeça de Ovo
player/campaign/VikingIsland11,dialog1,"Fjorleif Fartpants, we meet again!","Fjorleif Fjærtebuks, vi mødes igen!","Fjorleif Furzhose, dass wir uns hier treffen!","¡Fjorleif Fuerapedo, nos volvemos a encontrar!","Fjorleif Scorreggia, ci incontriamo ancora!","Fjorleif Peidorreiro da Silva, nos encontramos de novo!"
player/campaign/VikingIsland11,header2,Chief Fjorleif,Høvding Fjorleif,Häuptling Fjorleif,Jefe Fjorleif,Capo Fjorleif,Chefe Fjorleif
player/campaign/VikingIsland11,dialog2,*Grumble* ... Don''t call me by my full name when the men hear it!,*Skumle* ... Lad være med at bruge mit fulde navn når mine mænd hører det!,"*Grrrhh* ... Nenn mich nicht bei meinem vollen Namen, wenn die Männer dabei sind!",Grrrr... ¡No me llames por mi nombre completo delante de mis hombres!,*Grumble* ... Non chiamarmi con il mio vero nome davanti ai miei uomini!,*Resmunga* ... Não me chame pelo meu nome completo enquanto meus homens estiverem escutando!
player/campaign/VikingIsland11,header3,Egill Egghead,Egill Ejeglad,Egill Eierkopf,Cagill Cabezahuevo,Egill Testa d''uovo,Egill Cabeça de Ovo
player/campaign/VikingIsland11,dialog3,"Well, I''m here to inform you that this group of islands is now the property of the Egghead Looting Enterprise, and that your presense requires that you pay a looting license fee of one barrel of gold a day. Do you agree to these terms?","Nå, men jeg er her for at informere dig om, at denne øgruppe tilhører Ejeglad Plyndring A/S, og at din tilstedeværelse kræver, at du betaler et plyndregebyr på en tønde guld om dagen. Accepterer du disse betingelser?","Nun ja, ich bin gekommen, um dir mitzuteilen, dass diese Inselgruppe nun Eigentum der Eierkopf Plünder-AG ist, und dass hier nur derjenige das Zutrittsrecht hat, der täglich eine Plündergebühr in Höhe von einem Fass Gold abdrückt. Bist du damit einverstanden?","Bueno, estoy aquí para informarte que este grupo de islas es ahora propiedad de la Compañía de Saqueos Cabezahuevo, y que tu presencia aquí requiere que pagues la tasa de la licencia de saqueos de un barril de oro al día. ¿Estás de acuerdo con las condiciones?","Bene, sono qui per informarti che questo gruppo di isole è ora di proprietà della Testa d''uovo Saccheggi SPA, e che la tua presenza qui richiede il pagamento di una licenza per saccheggio di un barile d''oro al giorno. Accetti ?","Bem, Estou aqui para te informar que esse grupo de ilhas agora é propriedade da Companhia de Saqueamento Cabeça de Ovo, e que sua presença requer que você pague uma Taxa de licença de saqueamento de um barril de ouro por dia. Você concorda com esses termos?"
player/campaign/VikingIsland11,header4,Chief Fjorleif,Høvding Fjorleif,Häuptling Fjorleif,Jefe Fjorleif,Capo Fjorleif,Chefe Fjorleif
player/campaign/VikingIsland11,dialog4,What?!? But we came here first!,Hvad?!? Men vi var her først!,Wie bitte?!? Wir waren ja wohl zuerst hier!,¿Qué? ¡Si nosotros llegamos primero!,Cosa?!? Ma noi siamo arrivati prima!,O quê?!? Mas nós chegamos aqui primeiro!
player/campaign/VikingIsland11,header5,Egill Egghead,Egill Ejeglad,Egill Eierkopf,Cagill Cabezahuevo,Egill Testa d''uovo,Egill Cabeça de Ovo
player/campaign/VikingIsland11,dialog5,Obviously not. I''ll take that as a no then. My warriors shall see to that you are thrown off this island in a violent and generally unpleasant manner. Good day!,Tydeligvis ikke. Jeg tager det som et nej. Mine krigere vil sørge for at du bliver smidt væk fra øen på en voldsom og generelt ubehagelig måde. Ha'' en fortsat god dag!,"Offensichtlich doch nicht! Ich werte das dann als Nein. Meine Krieger werden dafür sorgen, dass ihr auf brutale und relativ unangenehme Weise von dieser Insel befördert werdet. Guten Tag!",Obviamente no. Y tomaré eso como un no. Mis guerreros verán como eres expulsado de esta isla con violentas y en general desagradables maneras. ¡Que tengas un buen día!,"Ovviamente non è così, lo considero un no allora. I miei guerrieri provvederanno a buttarvi fuori da quest''isola in modo violento e sgradevole. Buona giornata!",Obviamente não. Eu vou entender isso como um não então. Meus guerreiros verão como é expulso desta ilha com violentas e no geral desagradáveis maneiras. Bom dia!
player/campaign/VikingIsland11,header6,Chief Fjorleif,Høvding Fjorleif,Häuptling Fjorleif,Jefe Fjorleif,Capo Fjorleif,Chefe Fjorleif
player/campaign/VikingIsland11,dialog6,That bastard... he won''t get away with this!,Det svin... Det skal han ikke slippe godt fra!,Diese Ratte ... damit kommt er nicht durch!,Ese bastardo...¡no se va a ir tan alegremente!,Quel bastardo... non ce ne andremo così!,Aquele bastardo... ele não se safará dessa!
player/campaign/VikingIsland11,header7,Petur The Peon,Bjarke Bonderøv,Knut der Knecht,Petur el Peón,Petur il Peone,Petur O Peão
player/campaign/VikingIsland11,dialog7,"Fartpants, eh?","Heh, Fjærtebuks?","Furzhose, ja?","¿Fuerapedo, eh?","Scorreggia, eh?","Peidorreiro da Silva, hein?"
player/campaign/VikingIsland11,header8,Chief Fjorleif,Høvding Fjorleif,Häuptling Fjorleif,Jefe Fjorleif,Capo Fjorleif,Chefe Fjorleif
player/campaign/VikingIsland11,dialog8,Just shut up and fight!,Bare hold kæft og kæmp!,Maul halten und kämpfen!,...¡Cálla y lucha!,Stai zitto e combatti!,Apenas cale a boca e lute!
player/campaign/VikingIsland11,name0,,,,,,
player/campaign/VikingIsland11,name1,,,,,,
player/campaign/VikingIsland11,name2,Eggheads,E.P. A/S,Eierköpfe,Cabezahuevos,Testa d''uovo,Cabeças de Ovo
player/campaign/VikingIsland11,name3,,,,,,
player/campaign/VikingIsland11,name4,,,,,,
player/campaign/VikingIsland11,name5,,,,,,
player/campaign/VikingIsland11,objective,Destroy the Eggheads.,Udslet Ejeglad Plyndring A/S,Vernichten Sie die Eierköpfe.,Destruye a los Cabezahuevos.,Annienta Testa d''uovo.,Destrua os Cabeças de Ovo.
player/campaign/VikingIsland12,header,Zumtoba,Zumtoba,Zumtoba,Zumtoba,Zumtoba,Zumtoba
player/campaign/VikingIsland12,description,That''s funny... there are other Vikings here frantically waving to our ship. Perhaps they need our help?,"Det var sjovt... der er nogle vikinger på øen, der vinker desperat efter os. Måske har de brug for hjælp?","Wie lustig ... da sind andere Wikinger, die uns wie verrückt winken. Ob sie unsere Hilfe brauchen?",Qué divertido... aquí hay otros Vikingos agitando sus brazos frenéticamente hacia nuestro barco. ¿Quizás necesiten nuestra ayuda?,Divertente... ci sono altri vichinghi qui che annaspano verso la nostra nave. Forse hanno bisogno di aiuto.,Que engraçado... aqui tem outros Vikings acenando freneticamente para nosso navio. Talvez eles precisem de nossa ajuda?
player/campaign/VikingIsland12,header0,Chief Fjorleif,Høvding Fjorleif,Häuptling Fjorleif,Jefe Fjorleif,Capo Fjorleif,Chefe Fjorleif
player/campaign/VikingIsland12,dialog0,"OK, we will help you guys out. Let''s bash those natives, then the rest of you can join us.","OK, vi skal nok hjælpe jer. Lad os smadre de indfødte, og så kan resten af jer komme med os.","OK, wir helfen euch, Jungs. Wir machen die Eingeborenen platt, dann könnt ihr mit uns kommen - zumindest die, die dann noch übrig sind.","De acuerdo, vamos a ayudaros tíos. Vamos a barrer a esos nativos, después el resto de vosotros os vendréis con nosotros. ","OK, vi aiuteremo a fuggire. Annienteremo quei nativi, poi potrete unirvi a noi.","OK, nós vamos ajudar vocês. Vamos bater naqueles indígenas, depois o resto de vocês pode se juntar a nós."
player/campaign/VikingIsland12,header1,Bergfinn Bilgekeel,Bergfinn Blævreflæsk,Bergfinn Breitseite,Rergfinn Rompequillas,Bergfinn Sottochiglia,Bergfinn Quilha
player/campaign/VikingIsland12,dialog1,"Please help! We couldn''t afford Egill Egghead''s looting license fee, so they took our ship and left us here. Now the natives have spotted us, and it doesn''t look like they are particularly happy to have us as guests.","Hjælp os! Vi havde ikke råd til Egill Ejeglads plyndregebyr, så de tog vores skib og efterlod os her. Nu har de indfødte set os, og det ser ikke ud til, at de er specielt glade for at have os som gæster.","Bitte helft uns! Wir konnten uns Egill Eierkopfs Plündergebühr nicht leisten, und so hat er unser Schiff konfisziert und uns hier zurückgelassen. Jetzt haben uns die Eingeborenen entdeckt, und sie scheinen nicht besonders erfreut darüber zu sein, dass wir sie mit unserem Besuch beehren.","¡Por favor, ayuda! No podemos pagar las licencias de saqueo de Cagill Cabezahuevo, así que nos requisaron el barco y nos dejaron aquí tirados. Ahora los indígenas nos han visto, y parece que no están muy contentos de tenernos como vecinos.",Per favore aiutateci! Non potevamo pagare la licenza per saccheggio di Egill Testa d''uovo e così ha preso la nostra nave e ci ha lasciato qui. Adesso i nativi ci hanno scoperto e non sembrano molto felici di averci come ospiti.,"Por favor, socorro! Nós não pudemos bancar a Taxa de licença de saqueamento do Egill Cabeça de Ovo, então eles pegaram nosso navio e nos deixaram aqui. Agora os indígenas nos perceberam, e não parece que eles estão particularmente felizes de ter a gente como visitantes."
player/campaign/VikingIsland12,game_over,All friends were killed. Game over.,Alle allierede blev dræbt. Spillet er slut.,Alle Freunde wurden getötet. Game over.,Todos los amigos fueron asesinados. Fin de la partida.,Tutti gli alleati sono stati uccisi. Game over.,Todos os amigos foram mortos. Fim de Jogo.
player/campaign/VikingIsland12,new_units_header,Chief Fjorleif,Høvding Fjorleif,Häuptling Fjorleif,Jefe Fjorleif,Capo Fjorleif,Chefe Fjorleif
player/campaign/VikingIsland12,new_units,"Yahoo, {0} of Bergfinn''s men have joined our tribe!","Juhuu, {0} af Bergfinns mænd har sluttet sig til vores stamme!",Hurra! {0} von Bergfinns Männern sind unserem Stamm beigetreten!,"¡Siiií, {0} de los hombres de Bergfinn se han unido a nuestra tribu!","Yahoo, {0} degli uomini di Bergfinn si sono uniti a noi!","Uhuu, {0} dos homens de Bergfinn se juntaram à nossa tribo!"
player/campaign/VikingIsland12,name0,,,,,,
player/campaign/VikingIsland12,name1,Allies,Allierede,Verbündete,Aliados,Alleati,Aliados
player/campaign/VikingIsland12,name2,Natives,Indfødte,Eingeborene,Indígenas,Nativi,Indígenas
player/campaign/VikingIsland12,name3,,,,,,
player/campaign/VikingIsland12,name4,,,,,,
player/campaign/VikingIsland12,name5,,,,,,
player/campaign/VikingIsland12,objective,"Destroy the natives.
Protect the allies.","Udslet de indfødte.
Beskyt de allierede.","Vernichten Sie die Eingeborenen.
Beschützen Sie die Verbündeten.","Destruye a los nativos.
Protege a tus aliados.","Annienta i nativi.
Proteggi gli alleati.","Destrua os indígenas.
Proteja os aliados."
player/campaign/VikingIsland13,header,Ngopazum,Ngopazum,Ngopazum,Ngopazum,Ngopazum,Ngopazum
player/campaign/VikingIsland13,description,"With the added weight from all the loot we have picked up, the ship is taking in too much water. Our carpenter needs to plug a few holes, so we will have to stay here for a little while.","Med den ekstra vægt fra vores rov, tager skibet for meget vand ind. Vores tømrer skal have stoppet nogle huller, så vi bliver nødt til at blive her i et stykke tid.","Das Gewicht unserer Beute hat unserem Schiff zu schaffen gemacht. Unser Zimmermann muss ein paar Lecks stopfen, wir müssen also erst mal eine Weile hier bleiben.","Con el peso extra de todo el botín que hemos recogido, la nave está cogiendo demasiada agua. Nuestro carpintero necesita parchear algunos agujeros, así que tendremos que esperar aquí un rato.","Per colpa del peso del bottino, la nave sta imbarcando troppa acqua. Il nostro carpentiere ha bisogno di tappare un paio di buchi, così dovremo restare qui per un po''.","Com o peso somado de todo o saque que pegamos, começou a entrar muita água no navio. Nosso carpinteiro precisa tapar alguns buracos, então nós vamos ter que ficar aqui por um tempo."
player/campaign/VikingIsland13,header0,Chief Fjorleif,Høvding Fjorleif,Häuptling Fjorleif,Jefe Fjorleif,Capo Fjorleif,Chefe Fjorleif
player/campaign/VikingIsland13,dialog0,"Be careful, the natives are heavily fortified on this island. We just need to stand our ground for {0} minutes, then we can get on our way and snatch the last of their gold statues.","Vær forsigtige, de indfødte er stærkt befæstede på denne ø. Vi behøver blot at holde stand i {0} minutter, så kan vi tage afsted og snuppe de sidste af deres guldstatuer.","Vorsicht, die Eingeborenen haben ihre Insel stark befestigt. Wir müssen sie uns nur {0} Minuten vom Leib halten, dann können wir uns auf den Weg machen und uns die letzten Goldstatuen schnappen.","Tened cuidado, los indígenas están dúramente fortificados en esta isla. Sólo tenemos que aguantar en tierra durante {0} minutos, después seguiremos nuestro camino y les arrebataremos hasta la última de sus estatuas.","Fate attenzione, i nativi hanno fortificato quest''isola. Dobbiamo solo resistere a terra per {0} minuti, poi potremmo riprendere la rotta verso l''ultima delle loro statue d''oro.","Tomem cuidado, os indígenas estão fortemente fortificados nessa ilha. Nós precisamos apenas segurar nosso território por {0} minutos, então nós podemos voltar ao nosso caminho e agarrar as últimas de suas estátuas douradas."
player/campaign/VikingIsland13,name0,,,,,,
player/campaign/VikingIsland13,name1,,,,,,
player/campaign/VikingIsland13,name2,Natives,Indfødte,Eingeborene,Indígenas,Nativi,Indígenas
player/campaign/VikingIsland13,name3,,,,,,
player/campaign/VikingIsland13,name4,,,,,,
player/campaign/VikingIsland13,name5,,,,,,
player/campaign/VikingIsland13,objective,Survive for {0} minutes.,Overlev i {0} minutter.,Bleiben Sie {0} Minuten am Leben.,Sobrevivir durante {0} minutos.,Sopravvivi per {0} minuti.,Sobreviva por {0} minutos.
player/campaign/VikingIsland14,header,Hazimumbo,Hazimumbo,Hazimumbo,Hazimumbo,Hazimumbo,Hazimumbo
player/campaign/VikingIsland14,description,The final stronghold of the natives. This island should contain a few more of those golden statues that we simply can''t leave without.,"De indfødtes sidste fæstning. Denne ø skulle gerne indeholde nogle flere af de guldstatuer, vi simpelthen ikke kan rejse hjem uden.",Die letzte Bastion der Eingeborenen. Auf dieser Insel soll es noch ein paar dieser Goldstatuen geben. Ohne die können wir hier nicht weg!,"El último bastión de los indígenas. Esta isla debería contener unas cuantas más de esas estatuas de oro sin las que, simplemente, no nos podemos ir.",L''ultima fortezza dei nativi. Su quest''isola ci sono molte statue d''oro e non possiamo certo andarcene senza.,A fortaleza final dos indígenas. Essa ilha deve conter mais algumas daquelas estátuas douradas que nós simplesmente não podemos abandonar.
player/campaign/VikingIsland14,header0,Chief Fjorleif,Høvding Fjorleif,Häuptling Fjorleif,Jefe Fjorleif,Capo Fjorleif,Chefe Fjorleif
player/campaign/VikingIsland14,dialog0,"Let''s get those statues! Leave no survivors, and tear all their buildings apart!",Lad os få fat i de statuer! Efterlad ingen overlevende og riv alle deres bygninger ned!,"Holen wir uns diese Statuen! Es darf keine Überlebenden geben, wir lassen keinen Stein auf dem anderen!",¡Vamos a conseguir esas estatuas! ¡No dejéis supervivientes y derribad hasta el último edificio!,"Prendiamo quelle statue! Non fate prigionieri, e distruggete i loro villaggi!","Vamos pegar aquelas estátuas! Não deixem sobreviventes, e derrubem todos seus edifícios!"
player/campaign/VikingIsland14,name0,,,,,,
player/campaign/VikingIsland14,name1,,,,,,
player/campaign/VikingIsland14,name2,Natives,Indfødte,Eingeborene,Indígenas,Nativi,Indígenas
player/campaign/VikingIsland14,name3,Natives,Indfødte,Eingeborene,Indígenas,Nativi,Indígenas
player/campaign/VikingIsland14,name4,,,,,,
player/campaign/VikingIsland14,name5,,,,,,
player/campaign/VikingIsland14,statue,Golden statue,Guldstatue,Goldstatue,Estatua de oro,Statue d''oro,Estátua dourada
player/campaign/VikingIsland14,objective,Loot the natives.,Plyndr de indfødte.,Plündern Sie die Eingeborenen aus.,Saquea a los indígenas.,Saccheggia i nativi.,Saqueie os nativos.
player/campaign/VikingIsland2,header,Guzumbabwe,Guzumbabwe,Guzumbabwe,Guzumbabwe,Guzumbabwe,Guzumbabwe
player/campaign/VikingIsland2,description,We have spotted a lot of colourful chickens on this island. Perhaps the natives are breeding them for some sinister purpose?,Vi har set en masse farverige kyllinger på denne ø. Måske avler de indfødte dem til et eller andet skummelt formål?,Wir haben eine Menge bunter Hühnchen auf dieser Insel gesehen. Ob die Eingeborenen sie für irgendwelche mysteriösen Zwecke züchten?,Hemos visto un montón de pollos de colores en esa isla. Quizás los indígenas los están alimentando con algún siniestro propósito.,Abbiamo visto parecchi polli colorati in quest''isola. Sembra che i nativi li allevino per qualche scopo sinistro!,Nós avistamos um monte de galinhas coloridas nesta ilha. Talvez os indígenas estão criando elas com algum propósito sinistro?
player/campaign/VikingIsland2,header0,Chief Fjorleif,Høvding Fjorleif,Häuptling Fjorleif,Jefe Fjorleif,Capo Fjorleif,Chefe Fjorleif
player/campaign/VikingIsland2,dialog0,Our scouts report that the natives seem to use the chickens to construct some special weapons. We must defeat them and learn about their secret!,"Vores spejdere har rapporteret, at de indfødte ser ud til at bruge kyllingerne til et specielt våben. Vi må besejre dem for at lære deres hemmelighed!","Unsere Kundschafter haben berichtet, dass die Eingeborenen die Hühnchen offenbar zur Herstellung besonderer Waffen verwenden. Wir müssen sie besiegen und ihr Geheimnis lüften!",Nuestros exploradores nos han informado que los indígenas parecen estar usando esos pollos para construir armas especiales. ¡Debemos derrotarles y averiguar su secreto!,I nostri informatori ci dicono che i nativi usano i polli per costruire delle armi speciali. Sconfiggiamoli e impadroniamoci del loro segreto!,Nossos exploradores reportaram que os nativos parecem usar as galinhas para produzir algumas armas especiais. Nós precisamos derrotá-los e aprender seu segredo!
player/campaign/VikingIsland2,header1,Chief Fjorleif,Høvding Fjorleif,Häuptling Fjorleif,Jefe Fjorleif,Capo Fjorleif,Chefe Fjorleif
player/campaign/VikingIsland2,dialog1,"Their secret was to use the beaks of the chickens for spearheads. I have designed an axe in the same manner, so we can equip fearsome chicken warriors now.","Deres hemmelighed var at bruge næbene fra kyllingerne til spydhoveder. Jeg har designet en økse på samme måde, så nu kan vi udruste frygtindgydende kyllingekrigere.","Ihr Geheimnis war, dass sie die Schnäbel der Hühnchen als Speerköpfe verwenden. Ich habe eine Axt auf dieselbe Weise gebaut, wir können jetzt also Furcht erregende Hühnchenkrieger bewaffnen.","Su secreto era usar los picos de los pollos como puntas de lanza. He diseñado un hacha de la misma manera, así que ahora podremos equipar terribles Guerreros Pollo.","Il segreto è di usare i becchi dei polli come punte per le lance. Ho disegnato un''ascia nello stesso modo, così possiamo equipaggiare anche noi dei temibili guerrieri di pollo.","Seu segredo era usar os bicos das galinhas para a cabeça das lanças. Eu desenhei um machado na mesma maneira, então podemos equipar temíveis guerreiros de galinha agora."
player/campaign/VikingIsland2,name0,,,,,,
player/campaign/VikingIsland2,name1,,,,,,
player/campaign/VikingIsland2,name2,Natives,Indfødte,Eingeborene,Indígenas,Nativi,Indígenas
player/campaign/VikingIsland2,name3,,,,,,
player/campaign/VikingIsland2,name4,,,,,,
player/campaign/VikingIsland2,name5,,,,,,
player/campaign/VikingIsland2,objective,Destroy the natives.,Udslet de indfødte.,Vernichten Sie die Eingeborenen.,Destruir a los indígenas.,Annienta i nativi.,Destrua os indígenas.
player/campaign/VikingIsland3,header,Bongomomu,Bongomomu,Bongomomu,Bongomomu,Bongomomu,Bongomomu
player/campaign/VikingIsland3,description,"According the map, this is one of the islands where the natives keep some sort of golden statues.","Ifølge kortet skulle denne ø være en af dem, hvor de indfødte gemmer nogle guldstatuer af en slags.","Gemäß der Karte müsste dies eine der Inseln sein, auf der die Eingeborenen Goldstatuen aufbewahren.","Según el mapa, esta es una de las islas donde los nativos esconden algún tipo de estatuas de oro.","Secondo la mappa, questa è una delle isole dove i nativi tengono delle statue d''oro.","De acordo com o mapa, essa é uma das ilhas onde os indígenas guardam algum tipo de estátuas douradas."
player/campaign/VikingIsland3,header0,Chief Fjorleif,Høvding Fjorleif,Häuptling Fjorleif,Jefe Fjorleif,Capo Fjorleif,Chefe Fjorleif
player/campaign/VikingIsland3,dialog0,"The map was right, there are gold statues on this island. Let''s do what we are best at: Kill and plunder!","Kortet havde ret, der var guldstatuer på denne ø. Lad os gøre, hvad vi gør bedst: Dræb og plyndr!","Die Karte stimmt, auf dieser Insel gibt es Goldstatuen. Los, widmen wir uns unserer Lieblingsbeschäftigung: töten und plündern!","El mapa tenía razón, hay estatuas de oro en esta isla. Vamos a hacer lo que se nos da mejor: ¡Matar y Saquear!","La mappa è corretta, ci sono delle statue d''oro su quest''isola. Bene facciamo quello che sappiamo fare meglio: Uccidere e saccheggiare!","O mapa estava certo, existem estátuas douradas nessa ilha. Vamos fazer o que fazemos melhor: Matar e saquear!"
player/campaign/VikingIsland3,name0,,,,,,
player/campaign/VikingIsland3,name1,,,,,,
player/campaign/VikingIsland3,name2,Natives,Indfødte,Eingeborene,Indígenas,Nativi,Indígenas
player/campaign/VikingIsland3,name3,,,,,,
player/campaign/VikingIsland3,name4,,,,,,
player/campaign/VikingIsland3,name5,,,,,,
player/campaign/VikingIsland3,statue,Golden statue,Guldstatue,Goldstatue,Estatua de oro,Statue d''oro,Estátua dourada
player/campaign/VikingIsland3,objective,Loot the natives.,Plyndr de indfødte.,Plündern Sie die Eingeborenen aus.,Saquea a los indígenas.,Deruba i nativi.,Saqueie os indígenas.
player/campaign/VikingIsland4,header,Gobazumbi,Gobazumbi,Gobazumbi,Gobazumbi,Gobazumbi,Gobazumbi
player/campaign/VikingIsland4,description,The remains of a Viking ship has been spotted in the waters near this island. Perhaps there are other brave Vikings who have suffered the same fate as us.,"Vi har opdaget resterne af et vikingeskib i havet omkring denne ø. Måske er der andre modige vikinger, der har lidt samme skæbne som os.","In den Gewässern nahe dieser Insel wurden die Überreste eines Wikingerschiffs entdeckt. Vielleicht gibt es dort noch mutige Wikinger, die dasselbe Schicksal erleiden mussten wie wir.",Los restos de un barco Vikingo han sido visto en aguas cercanas a esta isla. Quizá hay otros valientes Vikingos que han sufrido el mismo destino que nosotros.,I resti di una nave Vichinga sono stati sospinti dalle acque fino a quest''isola. Forse ci sono altri coraggiosi Vichinghi che hanno avuto in sorte il nostro stesso destino.,Os restos de um navio Viking foram avistados nas águas perto desta ilha. Talvez existam outros valentes Vikings que sofreram o mesmo destino que nós.
player/campaign/VikingIsland4,header0,Chief Fjorleif,Høvding Fjorleif,Häuptling Fjorleif,Jefe Fjorleif,Capo Fjorleif,Chefe Fjorleif
player/campaign/VikingIsland4,dialog0,"The shipwreck turned out to belong to my cousin Gunnar The Gullible, who is being held captive by the natives now. Let''s help him out!","Skibsvraget viste sig at tilhøre min fætter Gunnar den Godtroende, som nu bliver holdt som fange af de indfødte. Lad os hjælpe ham!","Es zeigte sich, dass das Wrack meinem Cousin Gunnar dem Gutgläubigen gehört, der jetzt von den Eingeborenen gefangen gehalten wird. Los, befreien wir ihn!","El naufragio resultó ser de mi primo Gunnar el Gaznápiro, quien ahora está siendo retenido por los indígenas. ¡Vamos a liberarle!","Il relitto sembra appartenere a mio cugino Gunnar L''Ingenuo, che è stato fatto prigioniero dai nativi. Aiutiamolo!","O naufrágio acabou que pertencia ao meu primo Gunnar o Ingênuo, que está sendo mantido cativo pelos indígenas agora. Vamos ajudar ele!"
player/campaign/VikingIsland4,header1,Chief Gunnar,Høvding Gunnar,Häuptling Gunnar,Jefe Gunnar,Capo Gunnar,Chefe Gunnar
player/campaign/VikingIsland4,dialog1,"Thanks for freeing me! Perhaps I should have listened to my men, but I was certain the natives were going to invite us all to dinner. I still managed to practice my lur skills a bit, though. Let me teach you how to make the Terrifying Toot, which can stun your enemies for a short while.","Tak fordi du befriede mig, fætter! Jeg skulle måske have lyttet til mine mænd, men jeg var sikker på, at de indfødte ville invitere os allesammen til middag. Jeg fik dog trænet mine færdigheder på lur en smule. Lad mig lære dig hvordan du laver et Terror Trut, der kan lamme dine fjender i et stykke tid.","Danke für die Rettungsaktion! Ich hätte vielleicht auf meine Männer hören sollen, aber ich habe wirklich geglaubt, dass die Eingeborenen uns alle zum Abendessen einladen wollten. Aber wenigstens hatte ich die Gelegenheit, mein Lurenspiel ein bisschen zu üben. Jetzt kann ich euch beibringen, wie man ein Grässliches Gedudel von sich gibt, mit dem sich Feinde für kurze Zeit betäuben lassen.","¡Gracias por liberarme! Quizás debería haber escuchado a mis hombres, pero estaba seguro que los indígenas iban a invitarnos a cenar... Creo que todavía tengo que mejorar mi habilidad con el lur un poco. Déjame enseñarte como toco el Lur Liante, con el que se atontan los enemigos durante un rato.",Grazie per avermi liberato! Forse avrei dovuto ascoltare i miei uomini ma ero sicuro che i nativi ci avrebbero invitato tutti a cena. Comunque mi sono esercitato nella pratica del corno. Lascia che ti insegni come eseguire il Boato Terrificante che può paralizzare i nemici per un po'' di tempo.,"Obrigado por me libertar! Talvez eu devia ter escutado aos meus homens, mas eu achava que os indígenas iriam convidar todos nós pra jantar. Mas eu ainda consegui praticar minhas habilidades com a lura um pouco, Deixe-me te ensinar a como tocar o Toque Aterrorizante, que pode atordoar seus inimigos por um breve tempo."
player/campaign/VikingIsland4,game_over,Chief Gunnar was killed. Game over.,Høvding Gunnar blev dræbt. Spillet er slut.,Häuptling Gunnar wurde getötet. Game over.,Jefe Gunnar ha sido asesinado. Fin de la partida.,Capo Gunnar è stato ucciso. Game over.,Chefe Gunnar foi morto. Fim de jogo.
player/campaign/VikingIsland4,name0,,,,,,
player/campaign/VikingIsland4,name1,Gunnar,Gunnar,Gunnar,Gunnar,Gunnar,Gunnar
player/campaign/VikingIsland4,name2,Natives,Indfødte,Eingeborene,Indígenas,Nativi,Indígenas
player/campaign/VikingIsland4,name3,,,,,,
player/campaign/VikingIsland4,name4,,,,,,
player/campaign/VikingIsland4,name5,,,,,,
player/campaign/VikingIsland4,objective,"Destroy the natives.
Rescue Gunnar.","Udslet de indfødte.
Befri Gunnar.","Vernichten Sie die Eingeborenen.
Befreien Sie Gunnar.","Destruir a los indígenas.
Liberar a Gunnar.","Annienta i nativi.
Libera Gunnar.","Destrua os indígenas.
Resgate Gunnar."
player/campaign/VikingIsland5,header,Gutshumdi,Gutshumdi,Gutshumdi,Gutshumdi,Gutshumdi,Gutshumdi
player/campaign/VikingIsland5,description,"Your cousin, Gunnar The Gullible, is trying to conquer this island, but he could use some help to smash the native settlements. If you assist him, Gunnar might lend you some of his men.","Din fætter, Gunnar den Godtroende, prøver at erobre denne ø, men han kunne godt bruge noget hjælp med at smadre de indfødtes lejre. Hvis du hjælper ham, kan det være han låner dig nogle af sine mænd.","Gunnar der Gutgläubige versucht die Insel zu erobern, aber er könnte wohl etwas Hilfe beim Plattmachen der Eingeborenensiedlungen gebrauchen. Als Gegenleistung für ein bisschen Unterstützung stellt er vielleicht ein paar seiner Männer ab.","Tu primo, Gunnar el Gaznápiro, está intentando conquistar esta isla, pero podría venirle bien alguna ayuda para aplastar los asentamientos indígenas. Si le ayudas, Gunnar podría prestarte algunos de sus hombres.","Tuo cugino, Gunnar L''Ingenuo, sta cercando di conquistare quest''isola, ma gli farebbe comodo un po'' di aiuto per distruggere l''accampamento nemico. Se lo aiuti, Gunnar potrebbe lasciarti alcuni dei suoi uomini.","Seu primo, Gunnar o Ingênuo, está tentando conquistar essa ilha, mas ele precisa de sua ajuda para esmagar os assentamentos indígenas. Se você o ajudar, Gunnar talvez empreste alguns de seus homens a você."
player/campaign/VikingIsland5,header0,Chief Fjorleif,Høvding Fjorleif,Häuptling Fjorleif,Jefe Fjorleif,Chief Fjorleif,Chefe Fjorleif
player/campaign/VikingIsland5,dialog0,"OK, let''s trash those huts! Be careful not to harm our friends, though.","OK, lad is smadre hytterne! Pas på ikke at skade vores venner.","OK, diese Hütten machen wir platt! Aber Vorsicht - unsere Freunde sollten wir nicht erwischen!","De acuerdo, ¡vamos a destrozar esas chozas! Pero tened cuidado y no hagáis daño a nuestros amigos.","Ok, inceneriamo quelle capanne! Mi raccomando, proteggete i nostri alleati.","OK, vamos arrebentar com essas cabanas! Mas tomem cuidado para não machucar nossos amigos."
player/campaign/VikingIsland5,header1,Chief Gunnar,Høvding Gunnar,Häuptling Gunnar,Jefe Gunnar,Capo Gunnar,Chefe Gunnar
player/campaign/VikingIsland5,dialog1,"I can''t believe it, the natives were throwing spears at us! If you help us wipe them out, I will reward you.","Jeg fatter det ikke, de indfødte kastede spyd efter os! Hvis du hjælper os med at udslette dem, vil vi belønne dig.","Das glaube ich einfach nicht! Die Eingeborenen haben Speere nach uns geworfen! Wer uns hilft, sie auszulöschen, soll angemessen belohnt werden!","No puedo creerlo, ¡los nativos nos arrojan lanzas! Si nos ayudas a aniquilarlos, te recompensaré.","Non posso crederci, i nativi si stanno prendendo gioco di noi! Se ci aiutate a sconfiggerli vi ricompenserò.","Eu não acredito, os indígenas estavam jogando lanças na gente! Se você nos ajudar a aniquilar-los, Eu vou te recompensar."
player/campaign/VikingIsland5,header2,Chief Gunnar,Høvding Gunnar,Häuptling Gunnar,Jefe Gunnar,Capo Gunnar,Chefe Gunnar
player/campaign/VikingIsland5,dialog2,Thank you for your assistance! I will lend you 5 of my best warriors to help you in your quest.,Tak for din hjælp! Jeg vil låne dig 5 af mine bedste krigere til at hjælpe dig med din farefulde færd.,Vielen Dank für die Hilfe! Ich werde 5 meiner besten Krieger für die Mission zur Verfügung stellen!,¡Gracias por tu ayuda! Te prestaré 5 de mis mejores guerreros para que te ayuden en tu misión.,Grazie per l''aiuto! Manderò 5 dei miei migliori uomini per aiutarti nella tua ricerca.,Obrigado por sua assistência! Eu vou te emprestar 5 dos meus melhores guerreiros para te ajudarem na sua jornada.
player/campaign/VikingIsland5,game_over,Gunnar''s tribe was eliminated. Game over.,Gunnars stamme blev udslettet. Spillet er slut.,Gunnars Stamm wurde getötet. Game over.,La tribu de Gunnar fue eliminada. Fin de la partida.,La tribù di Gunnar è stata eliminata. Game over.,A tribo de Gunnar foi eliminada. Fim de Jogo.
player/campaign/VikingIsland5,name0,,,,,,
player/campaign/VikingIsland5,name1,Allies,Allierede,Verbündete,Aliados,Alleati,Aliados
player/campaign/VikingIsland5,name2,Natives,Indfødte,Eingeborene,Indígenas,Nativi,Indígenas
player/campaign/VikingIsland5,name3,Natives,Indfødte,Eingeborene,Indígenas,Nativi,Indígenas
player/campaign/VikingIsland5,name4,,,,,,
player/campaign/VikingIsland5,name5,,,,,,
player/campaign/VikingIsland5,objective,"Destroy the natives.
Protect Gunnar''s tribe.","Udslet de indfødte.
Beskyt Gunnars stamme.","Vernichten Sie die Eingeborenen.
Beschützen Sie Gunnars Stamm.","Destruir a los indígenas.
Proteger la tribu de Gunnar.","Annienta i nativi.
Proteggi la tribù di Gunnar.","Destrua os indígenas.
Proteja a tribo de Gunnar."
player/campaign/VikingIsland6,header,Kosobimba,Kosobimba,Kosobimba,Kosobimba,Kosobimba,Kosobimba
player/campaign/VikingIsland6,description,"For unknown reasons, some peons were left on this island. Let''s see if we can help them out.","Af ukendte årsager er nogle arbejdere efterladt på denne ø. Lad os se, om vi kan hjælpe dem.",Aus unerfindlichen Gründen wurden einige Knechte auf dieser Insel zurückgelassen. Vielleicht können wir sie ja retten.,"Por razones desconocidas, algunos peones fueron abandonadas en esta isla. Vamos a ver si les podemos ayudar.","Per qualche ragione sconosciuta, alcuni peoni sono stati lasciati su quest''isola. Vediamo se possiamo aiutarli.","Por razões desconhecidas, alguns peões foram deixados nessa ilha. Vamos ver se podemos ajudá-los."
player/campaign/VikingIsland6,header0,Chief Fjorleif,Høvding Fjorleif,Häuptling Fjorleif,Jefe Fjorleif,Capo Fjorleif,Chefe Fjorleif
player/campaign/VikingIsland6,dialog0,"Don''t worry, we will teach those natives a lesson! Afterwards, you can team up with us.","Bare rolig, vi skal nok give de indfødte en lærestreg! Bagefter kan I komme med os.","Keine Sorge, wir werden diesen Wilden eine Lektion erteilen! Danach können wir uns zusammentun.","No te preocupes, ¡les vamos a dar una lección a esos nativos! Despues, puedes unirte a nosotros.","Non preoccupatevi, daremo una lezione a questi nativi! Dopodichè, potrete unirvi a noi.","Não se preocupem, nós vamos ensinar a esses indígenas uma lição! Depois, vocês podem se juntar à nós."
player/campaign/VikingIsland6,header1,Ulfr The Unwashed,Ulfr den Uvaskede,Ulfr der Ungewaschene,Nulfr el No-me-lavo,Ulfr Lo Sporco,Ulfr O Sujo
player/campaign/VikingIsland6,dialog1,"Curse Chief Gunnar and his stupid ideas! He asked us to loot this island while he visited another one, but we were left here without weapons and greatly outnumbered by the natives. If you help us out, I think we will join your tribe instead!","Forbandet være Høvding Gunnar og hans åndssvage idéer! Han bad os plyndre denne ø, mens han besøgte en anden, men vi blev efterladt uden våben og i undertal. Hvis du hjælper os, tror jeg, vi vil slutte os til din stamme i stedet!","Verflucht noch eins! Dieser verdammte Gunnar und seine idiotischen Ideen. Er hat uns befohlen, diese Insel zu plündern, während er eine andere unter die Fittiche nahm. Aber jetzt hat er uns hier ohne Waffen zurückgelassen, und noch dazu sind wir den Eingeborenen zahlenmäßig absolut unterlegen. Wenn ihr uns helft, werden wir zu euch überlaufen.","¡Maldito Jefe Gunnar y sus estúpidas ideas! Nos pidió que saqueáramos esta isla mientras él visitaba otra, pero nos dejó aquí sin armas y en clara inferioridad numérica con los indígenas. Si nos ayudas, ¡creo que mejor nos pasaremos a tu tribu!","Maledizione a Gunnar e alle sue stupide idee! Ci ha chiesto di saccheggiare quest''isola mentre lui se ne è andato in un''altra, siamo stati lasciati qui senza armi e numericamente inferiori ai nativi. Se ci aiutate, penso che ci uniremo a voi!","Amaldiçoe Chefe Gunnar e suas ideias estúpidas! Ele pediu pra a gente saquear essa ilha enquanto ele visitava outra, mas nós fomos deixados aqui sem armas e em menor número que os indígenas. Se você nos ajudar, eu acho que vamos se juntar à sua tribo! "
player/campaign/VikingIsland6,game_over,All allies were killed. Game over.,Alle allierede blev dræbt. Spillet er slut.,Alle Verbündeten wurden getötet. Game over.,Todos los aliados han sido asesinados. Fin de la partida.,Tutti gli alleati sono stati uccisi. Game over.,Todos aliados foram mortos. Fim de jogo.
player/campaign/VikingIsland6,new_units_header,Chief Fjorleif,Høvding Fjorleif,Häuptling Fjorleif,Jefe Fjorleif,Capo Fjorleif,Chefe Fjorleif
player/campaign/VikingIsland6,new_units,Hooray! {0} of Gunnar''s men have joined us.,Hurraaa! {0} af Gunnars mænd har sluttet sig til os.,Hurra! {0} von Gunnars Männern sind zu uns übergelaufen.,¡Hurraaa! {0} de los hombres de Gunnar se nos han unido.,Hurra! {0} degli uomini di Gunnar si sono uniti a noi.,Viva! {0} dos homens de Gunnar se juntaram à nós.
player/campaign/VikingIsland6,name0,,,,,,
player/campaign/VikingIsland6,name1,Allies,Allierede,Verbündete,Aliados,Alleati,Aliados
player/campaign/VikingIsland6,name2,Natives,Indfødte,Eingeborene,Indígenas,Nativi,Indígenas
player/campaign/VikingIsland6,name3,,,,,,
player/campaign/VikingIsland6,name4,,,,,,
player/campaign/VikingIsland6,name5,,,,,,
player/campaign/VikingIsland6,objective,"Destroy the natives.
Rescue as many of Gunnar''s men as possible.","Udslet de indfødte.
Red så mange af Gunnars mænd som muligt.","Vernichten Sie die Eingeborenen.
Befreien Sie so viele von Gunnars Männern wie möglich.","Destruye a los indígenas.
Rescata tantos hombres de Gunnar como sea posible.","Annienta i nativi.
Salva più uomini di Gunnar possibili.","Destrua os indígenas.
Resgate quantos homens de Gunnar puder."
player/campaign/VikingIsland7,header,Tukomoba,Tukomoba,Tukomoba,Tukomoba,Tukomoba,Tukomoba
player/campaign/VikingIsland7,description,Another island with those ever-popular gold statues.,Endnu en ø med de evigt populære guldstatuer.,Noch eine Insel mit diesen allseits beliebten Goldstatuen.,Otra isla con esas estatuas tan populares.,Un''altra isola con queste meravigliose statue d''oro.,Outra ilha com aquelas estátuas douradas tão requisitadas.
player/campaign/VikingIsland7,header0,Chief Fjorleif,Høvding Fjorleif,Häuptling Fjorleif,Jefe Fjorleif,Capo Fjorleif,Chefe Fjorleif
player/campaign/VikingIsland7,dialog0,Let''s loot everything! Leave no survivors!,Lad os plyndre hele øen! Efterlad ingen overlevende!,Wir plündern alles! Es darf keine Überlebenden geben!,¡A saquearlo todo! ¡No dejéis supervivientes!,Saccheggiamo l''isola! Non lasciate superstiti!,Vamos saquear tudo! Não deixem sobreviventes!
player/campaign/VikingIsland7,name0,,,,,,
player/campaign/VikingIsland7,name1,,,,,,
player/campaign/VikingIsland7,name2,Natives,Indfødte,Eingeborene,Indígenas,Nativi,Indígenas
player/campaign/VikingIsland7,name3,Natives,Indfødte,Eingeborene,Indígenas,Nativi,Indígenas
player/campaign/VikingIsland7,name4,,,,,,
player/campaign/VikingIsland7,name5,,,,,,
player/campaign/VikingIsland7,statue,Golden statue,Guldstatue,Goldstatue,Estatua de oro,Statue d''oro,Estátua dourada
player/campaign/VikingIsland7,objective,Loot the natives.,Plyndr de indfødte.,Plündern Sie die Eingeborenen aus.,Destruye a los indígenas.,Saccheggia i nativi.,Saqueie os indígenas.
player/campaign/VikingIsland8,header,Lumumgumphe,Lumumgumphe,Lumumgumphe,Lumumgumphe,Lumumgumphe,Lumumgumphe
player/campaign/VikingIsland8,description,"The ship cannot cross the reef with Chief Fjorleif and his somewhat overweight men aboard. Instead, they will have to cross the island by foot while the first mate navigates the ship through the reef.","Skibet kan ikke krydse revet med Høvding Fjorleif og hans lettere overvægtige mænd ombord. De bliver i stedet nødt til at krydse øen til fods, mens styrmanden navigerer skibet gennem revet.","Das Schiff kann das Riff nicht überqueren, solange Häuptling Fjorleif und seine leicht übergewichtigen Männer an Bord sind. Sie müssen die Insel also zu Fuß überqueren, während der erste Maat das Schiff durch das Riff navigiert.","El barco no puede cruzar el arrecife con el Jefe Fjorleif y sus, digamos pesados, tripulantes a bordo. En vez de ello, tendrán que atravesar la isla a pie mientras que el primero de abordo navega solo a través del arrecife.",La nave non può attraversare lo stretto con il Capo Fjorleif a bordo per via della sua stazza. Dovremo invece attraversare l''isola a piedi mentre il timoniere porterà la nave attraverso lo stretto.,"O navio não pode cruzar através do recife com o Chefe Fjorleif e seus homens um pouco acima do peso a bordo. Ao invés disso, eles terão que atravessar a ilha à pé enquanto seu imediato navega o navio através do recife."
player/campaign/VikingIsland8,header0,Chief Fjorleif,Høvding Fjorleif,Häuptling Fjorleif,Jefe  Fjorleif,Capo Fjorleif,Chief Fjorleif
player/campaign/VikingIsland8,dialog0,"Be careful, men! This island is packed with hostile natives, so we have to watch our steps. We need to reach this rally point on the other side of the island.","Vær forsigtige! Denne ø er fyldt med fjendtlige indfødte, så vi skal se os for. Vores mål er dette samlingspunkt på den anden side af øen.","Vorsicht, Männer! Überall auf der Insel lauern diese feindseligen Eingeborenen. Wir müssen also vorsichtig sein. Unser Ziel ist der Versammlungsort auf der anderen Inselseite.","¡Tened cuidado, chicos! Esta isla está plagada de indígenas hostiles, así que tendréis que vigilar donde pisáis. Necesitamos llegar hasta ese punto de encuentro en el otro lado de la isla.","Fate attenzione, uomini! Quest''isola è piena di nativi ostili, teniamo gli occhi aperti. Dobbiamo raggiungere il punto di incontro dall''altra parte dell''isola.","Tomem cuidado, homens! Essa ilha está lotada de indígenas hostis, então nós temos que ter atenção com nossos passos. Precisamos chegar a esse ponto de encontro no outro lado da ilha."
player/campaign/VikingIsland8,header1,Rally point reached,Fremme ved samlingspunktet,Versammlungspunkt erreicht,Alcanzado punto de encuentro,Raggiunto il punto di incontro,Ponto de enconto alcançado
player/campaign/VikingIsland8,dialog1,You reached the rally point. Signal for your ship to come and pick you up by making a Terrifying Toot with your lur.,"Du er nået frem til samlingspunktet. Send et signal til dit skib om, at I skal samles op ved at blæse et Terror Trut i din lur.","+++Sie haben den Versammlungspunkt erreicht. Signalisieren Sie dem Schiff, dass Sie abgeholt werden möchten, indem Sie ein Grässliches Gedudel erklingen lassen.","Has llegado al punto de encuentro. Haz una señal a tu barco para que vaya a recogeros, un Lur Liante servirá.",Hai raggiunto il punto di incontro. Segnala alla tua nave di venirti a prendere suonando il Boato Terrificante.,Você alcançou o ponto de encontro. Sinalize tocando o Toque Aterrorizante com a sua lura para seu navio vir pegar você.
player/campaign/VikingIsland8,header2,Steingrim Skullsmasher,Steingrim Skallesmækker,Steingrim Schädelklopfer,Rteingrim Revientacalaveras,Steingrim Spaccateste,Steingrim Esmagador de Crânios
player/campaign/VikingIsland8,dialog2,"Hail thee! Our ship was wrecked on the reefs, so we have been stranded here for a while. We have hid from the natives by staying in this valley, so you are most welcome! We will happily join you, as this might be our only chance of getting away.","Vær hilset! Vores skib forliste på revet, så vi har været strandet her et stykke tid. Vi har undgået de indfødte ved at gemme os i denne dal, så I er mere end velkomne! Vi vil med glæde slutte os til jer, da det nok er vores eneste chance for at slippe ud.","Seid gegrüßt! Unser Schiff ist auf dem Riff zerschellt, wir sitzen hier also schon eine ganze Zeit lang fest. Wir haben uns bisher vor den Eingeborenen in diesem Tal versteckt - wahrscheinlich könnt ihr euch vorstellen, wie froh wir sind, euch zu sehen. Wir kommen gerne mit - wahrscheinlich ist dies unsere einzige Chance, hier wegzukommen.","¡A los buenos días! Nuestra nave encalló en los arrecifes, así que hemos estado acampados aquí durante un tiempo. Nos hemos ocultado de los indígenas quedándonos en este valle, ¡así que sois bienvenidos! Estaremos encantados de unirnos a vosotros... puede ser nuestra única manera de salir de aquí.","Fulmini e saette! La nostra nave si è incagliata nello stretto, così siamo rimasti bloccati qui per un po''! Ci siamo nascosti dai nativi rimanendo in questa valle e siamo più che felici di vedervi! Ci uniremo a voi, perchè questa potrebbe essere la nostra unica occasione di andarcene da qui.","Salve! Nosso navio naufragou nos recifes, então nós estivemos encalhados aqui por um tempo. Nós nos escondemos dos indígenas ficando nesse vale, então você é mais que bem-vindo! Nós vamos se juntar a você com prazer, já que essa pode ser nossa única chance de saírmos."
player/campaign/VikingIsland8,name0,,,,,,
player/campaign/VikingIsland8,name1,Stranded,Strandede,Gestrandet,Acampados,Naufraghi,Encalhados
player/campaign/VikingIsland8,name2,Natives,Indfødte,Eingeborene,Indígenas,Nativi,Indígenas
player/campaign/VikingIsland8,name3,,,,,,
player/campaign/VikingIsland8,name4,,,,,,
player/campaign/VikingIsland8,name5,,,,,,
player/campaign/VikingIsland8,objective0,Reach the rally point.,Nå frem til samlingspunktet.,Schlagen Sie sich bis zum Versammlungsort durch.,Alcanzar el punto de encuentro.,Raggiungi il punto di incontro.,Chegue ao ponto de encontro.
player/campaign/VikingIsland8,objective1,Do a Terrifying Toot near the rally point.,Blæs et Terror Trut i nærheden af samlingspunktet.,Lassen Sie neben den Versammlungsort ein Grässliches Gedudel erklingen.,Hacer un Lur Liante cerca del punto de encuentro.,Esegui un Boato Terrificante vicino al punto di incontro.,Faça um Toque Aterrorizante próximo do ponto de encontro.
player/campaign/VikingIsland9,header,Togongolum,Togongolum,Togongolum,Togongolum,Togongolum,Togongolum
player/campaign/VikingIsland9,description,"According the native gossip, this island houses a very old and wise chieftain. Maybe he could divulge some useful information if we catch him.","Ifølge rygter blandt de indfødte, bor der en meget gammel og vis høvding på denne ø. Måske kan han afsløre noget nyttigt, hvis vi kan fange ham.","Bei den Eingeborenen erzählt man sich, auf der Insel gebe es einen sehr alten und weisen Häuptling. Vielleicht gibt er ja ein paar nützliche Informationen preis, wenn wir ihn erwischen.","De acuerdo a ese chisme indígena, esta isla es el hogar de un viejo y sabio jefe tribal. Quizás él podría darnos alguna información útil si lo capturamos.","Stando alle chiacchiere dei nativi, in quest''isola vive un vecchio e saggio capo tribù. Forse se lo troviamo potrà darci qualche informazione utile.","De acordo com a fofoca indígena, essa ilha hospeda um chefe bem velho e sábio. Talvez ele pode compartilhar alguma informação se nós o pegarmos."
player/campaign/VikingIsland9,header0,Chief Fjorleif,Høvding Fjorleif,Häuptling Fjorleif,Jefe Fjorleif,Capo Fjorleif,Chefe Fjorleif
player/campaign/VikingIsland9,dialog0,"As expected, the chieftain is well protected. Eliminate his warriors and capture him for interrogation.",Som forventet er høvdingen godt beskyttet. Udslet hans krigere og bring ham til afhøring.,"Wie erwartet ist der Häuptling hervorragend geschützt. Schalten Sie seine Krieger aus, und setzen Sie ihn für die Befragung fest.","Como esperábamos, el jefe tribal está muy bien protegido. Elimina a sus guardias y captúrale para el interrogatorio.",Come sospettavo il loro capo è ben protetto. Eliminate questi guerrieri e catturatelo per interrogarlo.,"Como esperado, o chefe está bem protegido. Elimine seus guerreiros e capture-o pra interrogação."
player/campaign/VikingIsland9,header1,Chief Mozumba,Høvding Mozumba,Häuptling Mozumba,Jefe Mezumban,Capo Mozumba,Chefe Mozumba
player/campaign/VikingIsland9,dialog1,"Please don''t hurt me! I will tell you what I know.. Far south-east of here, there is an island you will not find on your map. If you manage to climb its mountain, the great thunder god Xarrr will grant you a wish, provided that you ask nicely of course.","Vis nåde! Jeg skal nok fortælle dig, hvad jeg ved.. Fjernt mod sydøst er der en ø, som du ikke kan se på dit kort. Hvis det lykkes dig at komme op på toppen af bjerget på denne ø, vil den store tordengud Xarrr opfylde et ønske for dig. Selvfølgelig kun hvis du spørger pænt.","Bitte, tut mir nichts! Ich sage alles, was ich weiß ... Ein ganzes Stück südwestlich von hier gibt es eine Insel, die auf keiner Karte zu finden ist. Demjenigen, der den Berg darauf bezwingt, gewährt der große Donnergott Xarr einen Wunsch - vorausgesetzt, man bittet ihn recht nett.","¡Por favor, no me hagáis daño! Os diré todo lo que sé... Lejos, al sudeste de aquí, hay una isla que no encontraréis en vuestros mapas. Si conseguís llegar a la cima de su montaña, el gran dios del trueno, Xarrr, os concederá un deseo, a condición de que se lo pidáis amablemente.","Per favore non fatemi del male! Vi dirò quello che so.. A sud est da qui, c''è un''isola che non è segnata sulla vostra mappa. Se riesci a scalare la sua montagna, il grande dio Xarr esaudirà un tuo desiderio, naturalmente dovrai chiederglielo gentilmente.","Por favor não me machuque! Eu vou te contar o que eu sei.. Bem ao sudeste daqui, há uma ilha que você não vai encontrar em seu mapa. se você conseguir escalar sua montanha, o grande deus do trovão Xarrr vai te conceder um desejo, se você pedir pra ele de forma gentil, claro."
player/campaign/VikingIsland9,game_over,Enemy chieftain was killed. Game over.,Fjendens høvding blev dræbt. Spillet er slut.,Der feindliche Häuptling wurde besiegt. Game over.,El jefe tribal enemigo ha sido asesinado. Fin de la partida.,Il capo nemico è stato ucciso. Game over.,Chefe inimigo foi morto. Fim de jogo.
player/campaign/VikingIsland9,name0,,,,,,
player/campaign/VikingIsland9,name1,,,,,,
player/campaign/VikingIsland9,name2,Natives,Indfødte,Eingeborene,Indígenas,Nativi,Indígenas
player/campaign/VikingIsland9,name3,Mozumba,Mozumba,Mozumba,Mezumban,Mozumba,Mozumba
player/campaign/VikingIsland9,name4,,,,,,
player/campaign/VikingIsland9,name5,,,,,,
player/campaign/VikingIsland9,objective,"Destroy the natives.
Capture chief Mozumba.","Udslet de indfødte.
Tag høvding Mozumba til fange.","Vernichten Sie die Eingeborenen.
Fangen Sie Häuptling Mozumba.","Destruye a los nativos.
Captura vivo al Jefe Mezumban.","Annienta i nativi.
Cattura il capo Mozumba.","Destrua os indígenas.
Capture o chefe Mozumba."
render/Renderer,sound_not_available_caption,Sound not available,Lyd utilgængelig,Sound nicht verfügbar,Sonido no disponible,Suono non disponibile,Som não está disponível
render/Renderer,sound_not_available_message,Tribal Trouble was unable to initialize the sound device. Please ensure that your sound card drivers are updated and that no other program is using the sound card.,"Tribal Trouble kunne ikke få adgang til lydkortet. Sørg for at dine lydkortdrivere er opdaterede, og at intet andet program bruger lydkortet.","Das Soundgerät konnte nicht initialisiert werden. Stellen Sie bitte sicher, dass die Soundkartentreiber aktuell sind und dass momentan kein anderes Programm die Soundkarte verwendet.","Tribal Trouble no pudo inicializar el dispositivo de sonido. Por favor, asegúrate de que los drivers de tu tarjeta de sonido están actualizados y que ningún otro programa la está usando.",Impossibile inizializzare la periferica sonora. Assicurati che i driver della tua scheda sonora siano aggiornati e nessun altro programma la stia utilizzando.,Tribal Trouble foi incapaz de inicializar o aparelho de som. Por favor certifique-se que seus drivers de placa de som estão atualizados e que nenhum outro programa esteja utilizando a placa de som.
render/Renderer,network_not_available_caption,Loopback device not available,Den lokale netværksenhed er ikke tilgængelig,Das Loopbackgerät ist nicht verfügbar.,El bucle local no está disponible,Loopback non disponibile,Aparelho de loopback não disponível
render/Renderer,network_not_available_message,Tribal Trouble was unable to find the loopback interface. Please ensure that your network settings are correct. With no loopback interface it is impossible to play Tribal Trouble.,Tribal Trouble kunne ikke finde den lokale netværksenhed. Sørg for at din netværksopsætning er korrekt. Uden lokal netværksenhed er det ikke muligt at spille Tribal Trouble.,"Die Loopbackschnittstelle konnte nicht gefunden werden. Stellen Sie sicher, dass die Netzwerkeinstellungen korrekt sind. Ohne Loopbackschnittstelle kann Tribal Trouble nicht ausgeführt werden.",Tribal Trouble no pudo encontrar la interfaz de bucle local. Asegúrate que tu configuración de red es correcta. Sin interfaz de bucle local es imposible jugar a Tribal Trouble.,Impossibile trovare l''interfaccia loopback. Assicurati che le impostazioni della rete siano corrette. Senza un''interfaccia loopback è impossibile giocare a Tribal Trouble.,Tribal Trouble foi incapaz de encontrar a interface de loopback. Por favor certifique-se de que seus ajustes de rede estejam corretos. Sem interface de loopback é impossível jogar Tribal Trouble.
render/Renderer,checksum_error_message,"The latest game had a checksum error.

Clicking OK will quit and you are prompted to submit a bug report the next time you run the game.
Clicking Cancel will continue your game session and not send a bug report.
Clicking OK is highly recommended, because bug reports will help Oddlabs quickly locate and fix the problem.","Det seneste spil havde en checksumfejl.

Hvis du klikker på OK vil spillet afslutte og bede dig om at sende en fejlrapport næste gang, det starter.
Hvis du klikker Annuller vil spillet fortsætte uden at sende en fejlrapport.
Det anbefales kraftigt at klikke på OK, da fejlrapporter vil hjælpe Oddlabs med hurtigt at finde og rette fejlen.","Beim letzten Spiel ist ein Prüfsummenfehler aufgetreten.

Wenn Sie auf ''OK'' klicken, wird das Spiel beendet, und Sie werden beim nächsten Starten des Spiels aufgefordert, einen Fehlerbericht zu senden.
Wenn Sie auf ''Abbrechen'' klicken, wird das Spiel fortgesetzt, und es wird kein Fehlerbericht gesendet.
Es wird jedoch empfohlen, auf ''OK'' zu klicken, da Fehlerberichte bei der Problemanalyse und -behebung hilfreich sind.","La última partida tuvo un error de checksum.

 Si pulsas Aceptar saldrás y se te pedirá que envíes un informe de error la próxima vez que arranques el juego. Si pulsas Cancelar continuaras tu sesión de juego sin enviar ningún informe de error.
 Se recomienda encarecidamente pulsar OK, ya que los informes de error permitirán a Oddlabs localizar y subsanar el error lo antes posible.","L''ultima partita ha un rapporto di errore.

Cliccando su Ok chiuderai il gioco e al prossimo riavvio ti verrà chiesto di inviare un rapporto di errore.
Cliccando Annulla continuerai la corrente sessione di gioco e non invierai alcun rapporto di errore.
Cliccare su OK è altamente raccomandato, poichè i rapporti di errore aiuteranno la Oddlabs a localizzare e risolvere il problema rapidamente.","A última partida teve um erro de soma de verificação.

Clicar em OK vai fechar o jogo e você será pedido para enviar um relatório de bugs na próxima vez que você rodar o jogo.
Clicar em Cancelar vai continuar sua sessão de jogo e não enviar o relatório de bugs.
Clicar em OK é altamente recomendado, pois relatórios de bugs vão ajudar Oddlabs a localizar e arrumar o problema rapidamente."
render/Renderer,quit,Quit,Afslut,Beenden,Salir,Chiudi,Sair
render/Renderer,time_left,Trial time remaining:,Resterende prøvetid:,Verbleibende Testzeit:,Tiempo restante de prueba:,Tempo di prova rimasto:,Tempo de teste restante:
render/Renderer,games_left,Trial games remaining:,Resterende prøvespil:,Verbleibende Testspiele:,Partidas restantes de prueba:,Tempo di gioco rimasto:,Partidas de teste restantes:
render/Renderer,trial_expired,The limited trial version has expired.,Den begrænsede prøveudgave er udløbet.,Die begrenzte Testversion ist abgelaufen.,La versión de prueba ha caducado.,La versione di prova è scaduta.,A limitada versão de testes expirou.
render/Renderer,error_title,Error,Fejl,Fehler,Error,Errore,Erro
render/Renderer,opengl_error_message,The game was unable to start. Would you like Oddlabs support to fix this problem?,Spillet kunne ikke starte. Vil du have Oddlabs support til at løse dette problem?,"Das Spiel konnte nicht gestartet werden. Möchten Sie, dass der Oddlabs-Support dieses Problem behebt?",El juego no se pudo iniciar. ¿Desea que el soporte de Oddlabs solucione este problema?,Impossibile avviare il gioco. Desideri che il supporto della Oddlabs risolva il problema?,O jogo foi incapaz de iniciar. Você quer a assistência de Oddlabs para arrumar esse problema?
trigger/GameOverTrigger,defeat_message,{0} has been defeated,{0} er blevet besejret,{0} wurde besiegt.,{0} ha sido derrotado,{0} sono state sconfitte,{0} foi derrotado
trigger/GameOverTrigger,you_defeated_game_over,Your tribe was defeated. Game over.,Din stamme er blevet besejret. Spillet er slut.,Ihr Stamm wurde besiegt. Game over.,Tu tribu ha sido derrotada. Fin de la partida.,La tua tribù è stata sconfitta. Game over.,Sua tribo foi derrotada. Fim de jogo.
trigger/GameOverTrigger,you_defeated,Your tribe was defeated.,Din stamme er blevet besejret.,Ihr Stamm wurde besiegt.,Tu tribu ha sido derrotada,La tua tribù è stata sconfitta.,Sua tribo foi derrotada.
trigger/GameOverTrigger,game_over,Game over,Spillet er slut,Game over.,Fin de la partida,Game over,Fim de jogo
trigger/GameOverTrigger,you_victorious,Your tribe was victorious,Din stamme vandt,Ihr Stamm war siegreich.,Tu tribu ha vencido,La tua tribù ha vinto,Sua tribo saiu vitoriosa
trigger/campaign/DefeatTrigger,defeat,Your tribe was defeated. Game over.,Din stamme blev besejret. Spillet er slut.,Ihr Stamm wurde besiegt. Game over.,Tu tribu ha sido derrotada... Fin de la partida.,La tua tribù è stata sconfitta. Game over.,Sua tribo foi derrotada. Fim de jogo.
trigger/campaign/DefeatTrigger,defeat_by_chieftain,Your chieftain was killed. Game over.,Din høvding blev dræbt. Spillet er slut.,Ihr Häuptling wurde getötet. Game over.,Tu jefe tribal ha muerto. Fin de la partida.,Il tuo capo tribù è stato ucciso. Game over.,Seu chefe foi morto. Fim de jogo.
tutorial/TutorialTrigger,army_menu,"Go back to the armory main menu by clicking on the Back icon (or pressing Esc). To equip an army with your newly produced weapons, click on the Deploy Army icon (or press A).","Gå tilbage til arsenal hovedmenuen ved at klikke på ""Tilbage"" ikonet (eller trykke Esc). For at bevæbne en hær med dine nyproducerede våben, skal du klikke på ""Udsend hær""-ikonet (eller trykke A).","Klicken Sie auf die Schaltfläche ''Zurück'', oder drücken Sie die ESC-TASTE, um zum Zeughaus-Hauptmenü zurückzukehren. Wenn Sie eine Armee mit den neu produzierten Waffen ausrüsten möchten, klicken Sie auf das Symbol ''Armee ausrüsten'', oder drücken Sie A.",Vuelve al menú principal de la armería pulsando el icono Atrás (o pulsando Esc). Para equipar un ejército con el arma que acabas de producir pulsa en el botón de Desplegar ejército (o pulsa la tecla A).,"Ritorna al menu principale dell''armeria cliccando sull''icona Indietro (o prendo Esc). Per equipaggiare un soldato con le armi appena prodotte, clicca sull''icona Crea esercito (o premi A).","Volte para o menu principal da armaria clicando no icone de Voltar (ou pressionando Esc). Para equipar um exército com suas armas recém produzidas, clique no ícone de Mobilizar Exército (ou pressione A)."
tutorial/TutorialTrigger,army,"For each of the weapon types, you can train a corresponding warrior type. Use the small + and - icons to set how many warriors you want. Try to train an army of {0} rock warriors.","For hver af våbentyperne, kan du træne en tilsvarende krigertype. Brug de små ""+"" og ""-"" ikoner til at angive hvor mange krigere, du vil have. Prøv at træne en hær med {0} stenkrigere.","Für jede dieser Waffenarten können Sie einen entsprechenden Kriegertyp ausbilden. Mit den kleinen Symbolen ''+'' und ''-'' können Sie festlegen, wie viele Krieger Sie benötigen. Versuchen Sie, eine Armee von {0} Steinkriegern auszubilden.","Para cada tipo de arma, puedes entrenar un tipo de guerrero distinto. Pulsando ""+"" o ""-"" puedes elegir cuantos guerreros de ese tipo quieres. Intenta entrenar {0} guerreros piedra (guerreros entrenados con arma de piedra).","Per ogni tipo di arma, puoi creare il corrispondente tipo di guerriero. Usa le icone + e -  per impostare il numero di guerrieri desiderati. Prova a creare un''armata di {0} Guerrieri di roccia.","Para cada tipo de arma, você pode treinar um guerreiro correspondente. use os pequenos ícones de + e - para ajustar quantos guerreiros você quer. tente treinar um exército de {0} guerreiros de pedra."
tutorial/TutorialTrigger,attack_tower,"Your tower is now being attacked by a small group of Viking warriors. A warrior in a tower automatically attacks all enemies within range, so lean back and enjoy seeing the Vikings being slaughtered.","Dit tårn bliver angrebet af en lille gruppe vikingekrigere. En kriger i et tårn angriber automatisk alle fjender indenfor rækkevidde, så læn dig tilbage og nyd, at vikingerne bliver slagtet.","Ihr Turm wird von einer kleinen Gruppe von Wikingerkriegern angegriffen. Ein Krieger in einem Turm greift automatisch alle Feinde innerhalb seiner Reichweite an. Machen Sie es sich also bequem, und sehen Sie zu, wie die Wikinger abgeschlachtet werden.","Tu torre está siendo atacada por un pequeño grupo de guerreros vikingos. El guerrero de la torre atacará automáticamente a todos los enemigos que estén en su rango de alcance, así que ponte cómodo y disfruta viendo como los vikingos son aniquilados.","La tua torre è attaccata da un piccolo gruppo di guerrieri Vichinghi. Un guerriero su una torre attacca automaticamente tutti i nemici sotto tiro, quindi divertiti a vedere i Vichinghi venire macellati.","Sua torre agora está sendo atacada por um pequeno grupo de guerreiros viking. Um guerreiro em cima da torre ataca todos os inimigos automaticamente dentro de seu alcance, então se acomode e divirta-se vendo os Vikings sendo massacrados."
tutorial/TutorialTrigger,building_chieftain,"Build a quarters and move your peons inside. The more units you have in the quarters, the faster you can train a chieftain. Select the quarters and click the Train Chieftain icon (or press C).","Byg en barak og flyt dine arbejdere derind. Jo flere enheder du har i dine barakker, desto hurtigere kan de træne en høvding. Vælg barakkerne og klik på ""Træn høvding"" ikonet (eller tryk C).","Bauen Sie ein Quartier, und bringen Sie Ihre Knechte nach drinnen. Je mehr Einheiten sich im Quartier befinden, desto schneller können Sie einen Häuptling ausbilden. Markieren Sie das Quartier, und klicken Sie auf das Symbol ''Häuptling ausbilden'', oder drücken Sie C.","Construye los barracones y mete los peones dentro. Cuantos más peones haya en los barracones, más rápidamente podrás entrenar a un jefe tribal. Selecciona los Barracones y pulsa en el botón Entrenar jefe tribal (o pulsa C).","Costruisci un casone e muovi i tuoi peoni all''interno. Più unità hai nel casone, il più velocemente addestreranno un capo tribù. Seleziona il casone e clicca sull''icona Capo Tribù (o premi C).","Construa os alojamentos e mova seus peões dentro. Quanto mais unidades você tem dentro dos alojamentos, mais rápido você pode treinar um chefe. Selecione os alojamentos e clique no icone de Treinar Chefe (ou pressione C)."
tutorial/TutorialTrigger,build_menu,"Go back to the armory''s main menu by clicking on the Back icon at the bottom (or press Esc). To produce some weapons, select some of your peons, move them inside the armory and click on the Produce Weapons icon found below the Gather Resources icon (or press W).","Gå tilbage til arsenalets hovedmenu ved at klikke på ""Tilbage"" ikonet i bunden (eller trykke Esc). For at producere våben skal du vælge nogle arbejdere, flytte dem ind i arsenalet og klikke på ""Producer våben"" ikonet, der findes under ""Saml ressourcer"" ikonet (eller tryk W).","Klicken Sie auf die Schaltfläche ''Zurück'', oder drücken Sie die ESC-TASTE, um zum Zeughaus-Hauptmenü zurückzukehren. Wenn Sie Waffen herstellen möchten, markieren Sie einige Knechte, bringen Sie sie in das Zeughaus, und klicken Sie auf das Symbol ''Waffen herstellen'' unter dem Symbol ''Ressourcen sammeln'', oder drücken Sie W.","Vuelve al menú principal de la armería pulsando el icono atrás (o pulsando Esc). Para producir algunas armas, mete unos cuantos peones en la armería, y pulsa en el icono Fabricar Armas, que está debajo del de Recolectar Recursos (o pulsa W).","Ritorna all''armeria cliccando sull''icona Indietro in basso (o premi Esc). Per produrre alcune armi scegli alcuni peoni, muovili all''interno dell''armeria e clicca sull''icona Produci Armi situata dopo l''icona Raccogli risorse (o premi W).","Volte para o menu principal da armaria clicando no icone de Voltar (ou pressione Esc). Para produzir algumas armas, selecione alguns de seus peões, movimente eles para dentro da armaria e clique no ícone de Produzir Armas localizado abaixo do ícone de Coletar Recursos (ou pressione W)."
tutorial/TutorialTrigger,chieftain_built,"Note that while the chieftain is being trained, the quarters do not generate new units. You can abort training the chieftain by clicking the Train Chieftain icon again (or by pressing C). Clicking again will start training a new chieftain from scratch.","Bemærk at mens høvdingen trænes, vil barakkerne ikke generere nye enheder. Du kan afbryde træningen af høvdingen ved at klikke på ""Træn Høvding"" ikonet igen (eller trykke C). Hvis du klikker igen, vil træningen af en ny høvding starte helt forfra.","Beachten Sie, dass keine neuen Einheiten erstellt werden, solange der Häuptling ausgebildet wird. Sie können die Häuptlingsausbildung abbrechen, indem Sie erneut auf das Symbol ''Häuptling ausbilden'' klicken oder C drücken. Wenn Sie erneut auf das Symbol klicken, wird ein neuer Häuptling von Grund auf ausgebildet.","Recuerda que mientras se esté entrenando al jefe tribal, los barracones no generarán nuevas unidades. Puedes cancelar este entrenamiento pulsando de nuevo el icono de Entrenar jefe tribal (o pulsando C). Más tarde, si vuelves a entrenar un jefe tribal, este se entrenará desde cero.","Nota che mentre il capo tribù è in fase di addestramento, il casone non genera nuove unità. Puoi annullare l''addestramento del capo tribù cliccando di nuovo sull''icona Capo Tribù (o premendo C). Cliccando di nuovo verrà ricominciato l''addestramento dall''inizio.","Perceba que enquanto o chefe está sendo treinado, os alojamentos não geram novas unidades. Você pode abortar o treinamento do chefe clicando no ícone de Treinar Chefe novamente (ou pressionando C). Clicar novamente vai começar a treinar um novo chefe do início."
tutorial/TutorialTrigger,empty_tower,"If you need the warrior elsewhere or the tower is about to be destroyed, you can remove him from the tower. Remove your warrior by selecting the tower and clicking the Exit icon (or by pressing X).","Hvis du har brug for krigeren andetsteds, eller tårnet er ved at brase sammen, kan du fjerne ham fra tårnet. Fjern din kriger ved at vælge tårnet og klikke på ""Exit"" ikonet (eller trykke X).","Wenn der Krieger anderswo eingesetzt werden soll oder der Turm kurz vor der Zerstörung steht, können Sie den Krieger vom Turm nehmen. Markieren Sie dazu den Turm, und klicken Sie auf das Symbol ''Beenden'', oder drücken Sie X. ","Si necesitas al guerrero en otro sitio, o si la torre está a punto de ser destruida, puedes sacar de ahí al guerrero pulsando el icono Salir (o pulsando la tecla X).","Se hai bisogno di un guerriero altrove o la torre sta per essere distrutta, puoi rimuoverlo dalla torre. Rimuovilo selezionando la torre e cliccando sull''icona Esci (o premendo X).","Se você precisa do guerreiro em outro lugar ou a torre está prestes a ser destruída, você pode removê-lo da torre. Remova seu guerreiro selecionando a torre e clicando no ícone de Sair (ou pressionando X)."
tutorial/TutorialTrigger,from_map_mode,"In Map Mode, your units and buildings are highlighted with your player color. Click somewhere on the map to zoom in on that spot or press space or numpad 5 to return to the previous view.",På oversigtskortet er dine enheder og bygninger lyst op med din spillerfarve. Klik et sted på kortet for at hoppe til det punkt eller tryk mellemrum eller 5 på det numeriske tastatur for at vende tilbage til det tidligere punkt.,"Im Kartenmodus werden Ihre Einheiten und Gebäude mit Ihrer Spielerfarbe markiert. Klicken Sie auf eine beliebige Stelle auf der Karte, um darauf einzuzoomen, oder drücken Sie die LEERTASTE bzw. 5 auf dem Ziffernblock, um zur vorherigen Ansicht zurückzukehren.","En el modo mapa, tus unidades y edificios están resaltados con tu color de jugador. Pulsa en cualquier lugar del mapa para hacer un zoom a esa zona, o bien pulsa la tecla espacio o 5 del teclado numérico para volver a la vista anterior.","Nella modalità mappa, le tue unità e i tuoi edifici sono evidenziati con il tuo colore. Clicca in un punto della mappa per zumare o premi spazio o 5 sul tastierino numerico per uscire dalla modalità mappa.","No Modo Mapa, suas unidades e edifícios são marcadas com a sua cor de jogador. Clique em algum canto do mapa para aproximar nesse local ou pressione espaço ou teclado numérico 5 para retornar à visão anterior."
tutorial/TutorialTrigger,harvest_menu,"Your armory''s inventory of resources, units and weapons is shown at the top. To gather some resources to build weapons from, click on the Gather Resources icon (or press G).","Dit arsenals lager af ressourcer, enheder og våben er vist i toppen. Klik på ""Saml ressourcer"" ikonet (eller tryk G) for at samle ressourcer til at bygge våben med.","Die Ressourcen, Einheiten und Waffen im Zeughaus werden oben angezeigt. Klicken Sie auf das Symbol ''Ressourcen sammeln'', oder drücken Sie G, um Material für den Waffenbau zu sammeln.","El inventario de recursos, unidades y armas de tu armería se muestran arriba. Para conseguir recursos con los que crear nuevas armas, pulsa en Recolectar recursos (o pulsa la tecla G).","Il tuo inventario di risorse, unità e armi è mostrato in alto. Per raccogliere alcune risorse per costruire armi, clicca sul''icona Raccogli Risorse (o premi G).","O inventário de recursos, unidades e armas da sua armaria é mostrado no topo. Para coletar alguns recursos para produzir armas, clique no ícone de Coletar Recursos (ou pressione G)."
tutorial/TutorialTrigger,magic,"The chieftain has two special magical attacks, that both require some time to charge before they can be used. Select your chieftain and try both attacks in turn by clicking on their icons (or pressing S or C) when they become available.","Høvdingen har to specialangreb, som begge tager tid at oplade, før de kan bruges. Vælg din høvding og prøv begge angreb ved at klikke på deres ikoner (eller trykke S eller C), når de bliver tilgængelige.","Der Häuptling verfügt über zwei besondere magische Angriffsstrategien, deren Ladevorgang einige Zeit in Anspruch nimmt. Markieren Sie Ihren Häuptling, und probieren Sie beide Angriffe aus, indem Sie auf die entsprechenen Symbole klicken bzw. S oder C drücken, sobald sie verfügbar werden.","El jefe tribal tiene dos ataques mágicos especiales, que requieren un cierto tiempo de recarga antes de poder usarse. Selecciona tu jefe tribal e intenta realizar los dos ataques mágicos alternativamente pulsando sobre sus iconos (o pulsando las teclas S o C) cuando estén recargados.","Il capo tribù ha due attacchi speciali, entrambi richiedono un po'' di tempo per caricarsi prima di poter essere usati. Seleziona il tuo capo e prova entrambi gli attacchi in sequenza cliccando sulle rispettive icone (o premendo S o C) quando divengono disponibili.","O chefe possui dois ataques mágicos especiais, e ambos requerem um pouco de tempo para carregarem antes de serem utilizados. Selecione seu chefe e tente ambos ataques alternadamente clicando nos seus ícones (ou pressionando S ou C) quando eles ficarem disponíveis."
tutorial/TutorialTrigger,map_mode,Press space or numpad 5 to enter the Map Mode.,Tryk mellemrum eller 5 på det numeriske tastatur for at komme til oversigtskortet.,"Drücken Sie die LEERTASTE oder die 5 auf dem Ziffernblock, um den Kartenmodus aufzurufen.",Pulsa espacio o la tecla 5 del teclado numérico para entrar en modo mapa.,Premi spazio o 5 sul tastierino numerico per entrare nel modo mappa.,Pressione espaço ou teclado numérico para entrar no Modo Mapa.
tutorial/TutorialTrigger,move_unit,Move selected units by using the Move icon (M) or right-clicking on the map (Ctrl-click on Mac OS X).,"Flyt valgte enheder ved at bruge ""Gå"" ikonet (M) eller højreklikke på øen (Ctrl-klik på Mac OS X).","Bewegen Sie die markierten Einheiten, indem Sie auf das Symbol ''Bewegen'' klicken (bzw. M drücken), oder mit der rechten Maustaste auf die Karte klicken (Mac OS X: STRG+Klick).",Mueve las unidades seleccionadas usando el icono de mover (M) o haciendo doble click sobre un punto del mapa (control+click en Mac OS X).,Muovi le unità selezionate usando l''icona Muovi (M) o con il bottone destro sulla mappa (Ctrl-click su Mac OS X).,Movimente as unidades selecionadas usando o ícone de Mover (M) ou clicando com o botão direito no mapa (Ctrl + clique no Mac OS X).
tutorial/TutorialTrigger,pitch,Look up and down by using 2 and 8 on the numpad or Home and End.,Kig op og ned ved at bruge 2 og 8 på det numeriske tastatur eller Home og End.,Mit den Ziffern 2 und 8 auf dem Ziffernblock oder mit den POS1- und ENDE-TASTEN können Sie nach oben oder unten blicken.,Mira arriba y abajo usando 2 y 8 del teclado numérico o Inicio y Fin.,Guarda in alto e in basso usando 2 e 8 sul tastierino numerico o Home e End.,Olhe para cima e para baixo usando o 2 e 8 no teclado numérico ou Home e End.
tutorial/TutorialTrigger,placing,"You start the game with a small group of peons, the most basic unit. Peons can construct and repair buildings and harvest resources. Select your peons and click on the Quarters icon (or press Q).","Du starter spillet med en lille gruppe arbejdere, den mest basale enhed. Arbejdere kan bygge og reparere bygninger samt samle ressourcer. Vælg dine arbejdere og klik på ""Barakker"" ikonet (eller tryk Q).","Sie beginnen das Spiel mit einer kleinen Gruppe Knechte. Diese stellen die einfachste Einheit dar. Knechte können Gebäude bauen und reparieren sowie Ressourcen sammeln. Markieren Sie Ihre Knechte, und klicken Sie auf das Symbol ''Quartier'', oder drücken Sie Q.","Empiezas el juego con un pequeño grupo inicial de peones, tus unidades más básicas. Los peones pueden construir y reparar edificios, así como recolectar recursos necesarios para otras tareas. Selecciona los peones y pulsa en el icono de los barracones (o pulsa Q).","Cominci il gioco con un piccolo gruppo di peoni, le unità di base. I peoni possono costruire e riparare edifici e raccogliere risorse. Seleziona i tuoi peoni e clicca sull''icona Casone (o premi Q).","Você começa a partida com um pequeno grupo de peões, a unidade mais básica. Peões podem construir e reparar edifícios e coletar recursos. Selecione seus peões e clique no ícone dos Alojamentos (ou pressione Q)."
tutorial/TutorialTrigger,quarters,"The green squares indicate possible construction sites. Hover the mouse pointer above one of these, and click to construct the building.",De grønne firkanter indikerer mulige bygningsplaceringer. Hold musen over en af disse og tryk for at bygge bygningen.,"Die grünen Quadrate zeigen mögliche Bauplätze an. Bewegen Sie den Mauszeiger über eines dieser Quadrate, und klicken Sie darauf, um das Gebäude zu errichten.",Las casillas verdes indican dónde puedes construir los barracones. Pasa el ratón por encima de una de esas casillas y haz click para construir los barracones.,I quadrati verdi indicano possibili luoghi di costruzione. Trascina il mouse su uno di questi e clicca per costruire l''edificio.,"O quadrado verde indica locais possíveis para a construção. Passe o ponteiro do mouse sobre um deles, e clique para construir o edifício."
tutorial/TutorialTrigger,rally_point,"You can direct where your peons should assemble when leaving the quarters by setting a rally point. Select your quarters, click on the Rally Point icon (or press R) and click somewhere on the island to place the rally point.","Du kan angive hvor dine enheder skal samles, når de forlader barakkerne ved at sætte et samlingspunkt. Vælg dine barakker, klik på ""Samlingspunkt"" ikonet (eller tryk R) og klik et sted på øen for at placere samlingspunktet.","Sie können festlegen, wo sich Ihre Knechte zusammenfinden sollen, wenn sie das Quartier verlassen, indem Sie einen Versammlungsort festlegen. Markieren Sie dazu das Quartier, klicken Sie auf das Symbol ''Versammlungsort'', oder drücken Sie R, und klicken Sie auf einen beliebigen Punkt auf der Insel, um den Versammlungsort festzulegen.","Puedes decidir hacia donde van los peones cuando salen de los barracones. Selecciona los barracones, pincha en el icono del Punto de encuentro (o pulsa R) y haz click en el mapa en la zona de destino elegida.","Puoi decidere dove i tuoi peoni devono assemblarsi quando lasciano il casone impostando un luogo di raduno. Seleziona il casone, clicca sull''icona luogo di raduno (o premi R) e clicca in un punto dell''isola per posizionare il luogo di raduno.","Você pode direcionar onde seus peões deverão se reúnir quando saírem dos alojamentos ao colocar um ponto de encontro. Selecione seus alojamentos, clique no ícone de Ponto de Encontro (ou pressione R) e clique em algum lugar na ilha para posicionar o ponto de encontro."
tutorial/TutorialTrigger,repair,"While being attacked, your tower became slightly damaged. You can see the status of a building by hovering the mouse pointer above it. Repair a building by selecting some peons, clicking on the Repair icon (or pressing G) and click on the building. Repair your tower now.","Da du blev angrebet, blev dit tårn beskadiget. Du kan se status af en bygning ved at holde musen over den. Reparer en bygning ved at vælge nogle arbejdere, klikke på ""Reparer"" ikonet (eller trykke G) og klikke på bygningen. Reparer nu dit tårn.","Bei einem Angriff wurde Ihr Turm leicht beschädigt. Sie können den Status eines Gebäudes anzeigen, indem Sie den Mauszeiger darüber bewegen. Zum Reparieren eines Gebäudes markieren Sie einige Knechte, klicken auf das Symbol ''Reparieren'', oder drücken G, und klicken auf das Gebäude. Reparieren Sie nun Ihren Turm.","Mientras la atacan, la torre puede resultar ligeramente dañada. Para ver su estado, pasa el cursor por encima suya. Se repara un edificio seleccionando unos peones, pulsando en Reparar y seleccionando el edificio a reparar. Ahora, repara tu torre.","Quando sei attaccato, le tue torri verranno danneggiate. Puoi vedere lo stato di un edificio passandoci sopra il mouse. Ripara un edificio selezionando alcuni peoni e cliccando sull''icona Ripara (o premendo G) e cliccando sull''edificio. Adesso ripara la tua torre.","Enquanto estava sendo atacada, sua torre ficou levemente danificada. Você pode ver o estado de um edifício passando o ponteiro do mouse sobre ele. Repare um edifício selecionando alguns peões, clicando no ícone de Reparar (ou pressionando G) e clique no edifício. Repare sua torre agora."
tutorial/TutorialTrigger,rotate,Rotate the view using 4 and 6 on the numpad or Insert and Delete.,Roter ved at bruge 4 og 6 på det numeriske tastatur eller Insert og Delete.,Zum Drehen der Ansicht verwenden Sie die Ziffern 4 und 6 auf dem Ziffernblock oder die EINFG- und ENTF-TASTEN.,Rota la vista usando 4 y 6 del teclado numérico o con Insert y Supr.,Ruota la vista usando 4 e 6 del tastierino numerico o Ins e Canc.,Gire a visão usando 4 e 6 no teclado numérico ou Insert e Delete.
tutorial/TutorialTrigger,scroll,Pan around the map by moving the mouse pointer to the edge of the screen or by using the arrow keys.,Bevæg dig rundt på kortet ved at flytte musen til kanten af skærmen eller ved at bruge piletasterne.,"Sie können in der Karte navigieren, indem Sie den Mauszeiger zum Bildschirmrand bewegen oder die Pfeiltasten verwenden.",Desplázate por el mapa llevando el cursor a los extremos de la pantalla o pulsando las teclas de dirección.,Spostati all''interno della mappa muovendo il mouse ai lati dello schermo o usando le frecce.,Faça uma panorâmica pelo mapa movendo o ponteiro do mouse na ponta da tela ou usando as teclas de seta.
tutorial/TutorialTrigger,select_armory,"Select your peons and click on the Armory icon (or press R) to build an armory. When the building is completed, your peons will automatically go inside. Click on the building to select it.","Vælg dine arbejdere og klik på ""Arsenal"" ikonet (eller tryk R) for at bygge et arsenal. Når bygningen er færdig vil dine arbejdere automatisk gå ind i den. Klik på bygningen for at vælge den.","Markieren Sie Ihre Knechte, und klicken Sie auf das Symbol ''Zeughaus'', oder drücken Sie R, um ein Zeughaus zu errichten. Wenn das Gebäude fertig ist, gehen die Knechte automatisch nach drinnen. Klicken Sie auf das Gebäude, um es zu markieren.","Selecciona tus peones y haz click en el icono de la Armería (o pulsa R) para que construyan la armería. Cuando el edificio esté completo, los peones entrarán en él. Haz click en el edificio para seleccionarlo.","Seleziona i tuoi peoni e clicca sull''icona dell''Armeria (o premi R) per costruire un''armeria. Quando l''edificio è completo, i tuoi peoni vi andranno all''interno automaticamente. Clicca sull''edificio per selezionarlo.","Selecione seus peões e clique no ícone de Armaria (ou pressione R) para construir uma armaria. Quando o edifício estiver concluído, seus peões vão entrar dentro automaticamente. clique no edifício para selecioná-lo."
tutorial/TutorialTrigger,select_quarters,"Hover the mouse pointer above the construction site to monitor progress. Use + and - on the numpad to adjust game speed. When the building is completed, select it by clicking on it. A bright green circle will indicate when it is selected.","Hold musen over byggepladsen for at følge fremskridtet. Brug + og - på det numeriske tastatur til at justere hastigheden. Vælg bygningen når den er færdig. En lys grøn ring vil indikere, at den er valgt.","Bewegen Sie den Mauszeiger über den Bauplatz, um den Fortschritt zu überwachen. Drücken Sie + und - auf dem Ziffernblock, um die Spielgeschwindigkeit anzupassen. Wenn das Gebäude fertig ist, klicken Sie darauf, um es zu markieren. Ein hellgrüner Kreis zeigt an, dass ein Gebäude markiert ist.","Pasa el cursor por encima del lugar de la construcción para ver su progreso. Usa + y - en el teclado numérico para ajustar la velocidad del juego. Cuando el edificio esté completo, selecciónalo haciendo click en él. Un brillante círculo verde indicará que está seleccionado.","Muovi il mouse sugli edifici in costruzione per monitorarne il progresso. Usa + e - sul tastierino numerico per cambiare la velocità del gioco. Quando l''edificio è completato, selezionalo cliccandoci sopra. Un cerchio verde ti indicherà che lo hai selezionato.","Passe com o ponteiro do mouse sobre um edifício em construção para monitorar o progresso. Use + e - no teclado numérico para ajustar a velocidade da partida. Quando o edifício for concluído, selecione-o clicando nele. Um brilhante círculo verde vai indicar quanto ele estiver selecionado."
tutorial/TutorialTrigger,select_unit,Select a unit by clicking on it. Select multiple units by holding down shift while clicking on more units or by dragging a selection box around the units you wish to select. You can also select all units of the same type within the view by double-clicking one of them. Selected units are marked with a bright green circle.,"Vælg en enhed ved at klikke på den. Vælg flere enheder ved at holde Shift nede mens du klikker på flere enheder eller ved at trække en boks omkring de ønskede enheder. Du kan også vælge alle enheder af samme type indenfor skærmen, ved at dobbeltklikke på en af dem. Valgte enheder er markeret med en lys grøn ring.","Markieren Sie eine Einheit, indem Sie darauf klicken. Mehrere Einheiten markieren Sie, indem Sie die UMSCHALTTASTE gedrückt halten, während Sie auf mehrere Einheiten klicken, oder indem Sie ein Markierungsfeld um die Einheiten ziehen, die Sie markieren möchten. Sie können auch alle Einheiten derselben Art markieren, indem Sie auf eine Einheit doppelklicken. Markierte Einheiten werden mit einem hellgrünen Kreis dargestellt.",Selecciona una unidad haciendo click en ella. Selecciona múltiples unidades pulsando mayúsculas mientras haces click en ellas o bien trazando un rectángulo de selección alrededor de las unidades. También puedes seleccionar todas las unidades visibles de un mismo tipo haciendo doble click encima de una de ellas. Las unidades seleccionadas aparecerán con un círculo verde.,Seleziona una unità cliccandoci sopra. Seleziona più unità tenendo premuto il tasto shift mentre clicchi su più unità o tracciando un quadrato di selezione sulle unità da selezionare. Puoi anche selezionare tutte le unità di uno stesso tipo con un doppio click su una di esse. Le unità selezionate sono evidenziate da un cerchio verde.,Selecione uma unidade clicando nela. Selecione multiplas unidades segurando o shift enquanto clica em mais unidades ou arrastando uma caixa de seleção na unidades que deseja selecionar. Você também pode selecionar todas as unidades do mesmo tipo dentro da visão dando um clique duplo em uma delas. Unidades selecionadas são marcadas com um brilhante círculo verde.
tutorial/TutorialTrigger,supply,"For each resource type, you can click on the small + icon to assign peons to gather that type of resource. The peons will continue to do this until you select them and give them different orders. Try to gather {0} wood and {1} rock resources.","For hver ressourcetype kan du klikke på det lille ""+"" ikon for at udsende arbejdere til at samle den type ressource. Arbejderne vil fortsætte med at gøre det, indtil du vælger dem og giver dem en anden ordre. Prøv at samle {0} træ og {1} sten.","Für jeden Ressourcentyp können Sie auf das kleine +-Symbol klicken, um Knechte zu bestimmen, die diese Ressourcenart sammeln. Die Knechte tun dies, bis Sie sie erneut markieren und Ihnen andere Anweisungen geben. Versuchen Sie, {0} Holz- und {1} Steinressourcen zu sammeln.","Para cada tipo de recurso, puedes hacer click en el pequeño icono + para asignar peones a la recolección de ese recurso. Los peones seguirán haciendo este trabajo constantemente hasta que les des otra orden. Intenta recolectar {0} recursos de madera y {1} de piedra.","Per ogni tipo di risorsa, puoi cliccare sull''icona + per assegnare dei peoni alla sua raccolta. Il peone continuerà il suo lavoro finchè lo selezionerai per dagli ordini differenti. Prova a raccogliere {0} risorse di legno e {1} di roccia.","Para cada tipo de recurso, você pode clicar no pequeno ícone de + para atribuír peões para coletar aquele tipo de recurso. Os peões vão continuar à fazer isso até você selecioná-los e dar à eles ordens diferentes. Tente coletar {0} madeira e {1} recursos de pedra."
tutorial/TutorialTrigger,tutorial_over,"Build quarters and an armory, gather resources, produce some weapons and deploy an army. Select your army, click on the Attack icon (or press A), scroll to the other side of the island and click on or near enemy tribesmen and buildings. Destroy all the enemy units and buildings!","Byg barakker og et arsenal, saml ressourcer, producer nogle våben og udsend en hær. Vælg din hær, klik på ""Angrib"" ikonet (eller tryk A), bevæg dig til den anden side af øen og klik på eller nær en fjende. Udslet alle fjendtlige enheder og bygninger!","Errichten Sie ein Quartier und ein Zeughaus, sammeln Sie Ressourcen, stellen Sie Waffen her, und rüsten Sie eine Armee aus. Markieren Sie eine Armee, klicken Sie auf das Symbol ''Angreifen'', oder drücken Sie A, scrollen Sie zur anderen Seite der Insel, und klicken Sie auf oder neben feindliche Stämme oder Gebäude. Vernichten Sie alle feindlichen Einheiten und Gebäude!","Construye barracones y una armería, recolecta recursos, crea algunas armas y despliega un pequeño ejército. Selecciona tu ejército y pulsa en el icono de Atacar (o pulsa A), desplázate hasta la otra punta de la isla y pincha sobre alguno de tus enemigos o sus edificios. ¡Aniquila a todos los enemigos y destruye sus edificios!","Costruisci un casone e un''armeria, raccogli risorse, produci armi e crea un''armata. Seleziona la tua armata, clicca su Attacca (o premi A), posizionati dall''altra parte dell''isola e clicca vicino ai nemici e agli edifici. Annienta tutte le unità nemiche e i loro edifici!","Construa os alojamentos e uma armaria, colete recursos, produza algumas armas e mobilize um exército. Selecione seu exército, clique no ícone de Atacar (ou pressione A), movimente-se até o outro lado da ilha e clique no ou próximo dos membros da tribo e edifícios inimigos. Destrua todas as unidades e edifícios inimigos!"
tutorial/TutorialTrigger,unit_count,"The main function of the quarters is to produce new peons. The more peons you have in the building, the faster it will produce more peons. Select the building and click on the small + icon to move peons out of the quarters. Try to move at least {0} peons outside the quarters.","Barakkernes primære opgave er at producere flere arbejdere. Jo flere arbejdere du har i bygningen, desto hurtigere vil den producere nye arbejdere. Vælg bygningen og klik på det lille ""+"" ikon for at sende arbejdere ud af barakkerne. Prøv at sende mindst {0} arbejdere ud af barakkerne.","Die Hauptfunktion des Quartiers ist es, neue Knechte zu produzieren. Je mehr Knechte zu einem Gebäude gehören, desto schneller werden weitere Knechte produziert. Markieren Sie das Gebäude, und klicken Sie auf das kleine +-Symbol, um die Knechte aus dem Quartier zu bewegen. Versuchen Sie, mindestens {0} Knechte aus dem Quartier zu bewegen.","La función principal de los barracones es la de producir peones. Cuantos más peones tengas dentro, más rápido se producirán nuevos peones. Selecciona el edificio y pulsa sobre el pequeño icono + para sacar peones al exterior. Intenta sacar {0} peones al exterior.","La funzione principale del casone è di produrre peoni. Più peoni hai all''interno dell''edificio, il più velocemente produrranno nuovi peoni. Scegli l''edificio e clicca sull''icona + per muovere i peoni fuori dal casone. Prova a far uscire almeno {0} peoni fuori dal casone.","A principal função dos alojamentos é produzir novos peões. Quanto mais peões você tiver em um edifício, mais rápido ele vai produzir mais peões. Selecione o edifício e clique no pequeno ícone de + para mover peões para fora dos alojamentos. Tente mover pelo menos {0} peões fora dos alojamentos."
tutorial/TutorialTrigger,unit_in_tower,A warrior unit in a tower receives an attack bonus and cannot be killed unless the tower is destroyed. You can place a warrior in a tower by right-clicking the tower while you have a warrior unit selected. Place your warrior in the tower.,"En kriger i et tårn får en angrebsbonus og kan ikke blive dræbt, medmindre tårnet bliver smadret. Du kan placere en kriger i et tårn ved at højreklikke på tårnet, mens du har valgt en kriger. Placer din kriger i tårnet.","Eine Kriegereinheit in einem Turm erhält einen Angriffsbonus und kann nur vernichtet werden, wenn der Turm zerstört wird. Sie können einen Krieger in einem Turm platzieren, indem Sie mit der rechten Maustaste auf den Turm klicken, während eine Kriegereinheit markiert ist. Platzieren Sie Ihren Krieger im Turm.",Una unidad guerrera (un guerrero) en la torreo recibe un bonificador de ataque y no puede morir salvo que la torre sea destruida. Puedes poner un guerrero en una torre haciendo doble click en la torre tras haber seleccionado a un guerrero. Ahora pon un guerrero en tu torre.,Un guerriero in una torre non può essere ucciso finchè la torre non è distrutta. Puoi mettere un guerriero su una torre cliccando con il bottone destro sulla torre dopo aver selezionato un guerriero. Metti il tuo guerriero nella torre.,Uma unidade guerreira na torre recebe um ataque bonus e não pode ser morta à menos que a torre seja destruída. Você pode posicionar um guerreiro em cima da torre dando um clique direito na torre enquanto você tiver uma unidade guerreira selecionada. Coloque seu guerreiro em cima da torre.
tutorial/TutorialTrigger,units_in_quarters,Select your peons and move them into the quarters either by clicking on the Move icon (or pressing M) and then clicking on the quarters or simply by right-clicking on the quarters (Ctrl+click on Mac OS X).,"Vælg dine arbejdere og flyt dem ind i barakkerne, enten ved at klikke på ""Gå"" ikonet (eller trykke M) og så klikke på barakkerne eller simpelthen ved at højreklikke på barakkerne (Ctrl-klik på Mac OS X).","Markieren Sie Ihre Knechte, und bringen Sie sie ins Quartier. Klicken Sie dazu auf das Symbol ''Bewegen'' bzw. drücken Sie M, und klicken Sie anschließend auf das Quartier, oder klicken Sie einfach mit der rechten Maustaste auf das Quartier (Mac OS X: STRG+Klick).",Lleva tus unidades seleccionadas a los barracones pinchando en el icono de Mover (o tecla M) y a continuación seleccionando los barracones o símplemente haciendo doble click en los barracones (Control-click en Mac OS X).,Seleziona i tuoi peoni e spostali dentro al casone cliccando sull''icona Muovi (o premendo M) e cliccando sul casone o semplicemente con un click destro sul casone (Ctrl+click su Mac OS X).,Selecione seus peões e movimente-os dentro dos alojamentos clicando no ícone de Mover (ou pressionando M) e então clicando nos alojamentos ou simplesmente dando um clique direito nos alojamentos (Ctrl + clique no Mac OS X).
tutorial/TutorialTrigger,weapon,"For each available weapon type, use the small + and - icons to set how many weapons you want your peons to produce (hover the mouse pointer above the icons to see what resources are required). The more peons you have in the building, the faster they will produce the weapons. Try to produce {0} rock weapons.","For hver tilgængelig våbentype bruges de små ""+"" og ""-"" ikoner til at angive hvor mange våben dine arbejdere skal producere (hold musen over våbenikonerne for at se hvilke ressourcer de kræver). Jo flere arbejdere du har i bygningen, desto hurtigere vil de producere våbnene. Prøv at producere {0} stenvåben.","Für jeden verfügbaren Waffentyp können Sie mit den kleinen Symbolen + und - festlegen, wie viele Waffen Ihre Knechte produzieren sollen (bewegen Sie den Mauszeiger über die Symbole, um anzuzeigen, welche Ressourcen benötigt werden). Je mehr Knechte zu einem Gebäude gehören, desto schneller können sie Waffen herstellen. Versuchen Sie, {0} Steinwaffen zu produzieren.","Para cada tipo de arma disponible, usa los iconos + y - para determinar cuántas armas quieres que produzcan tus peones. Pasa el cursor por encima de los iconos para ver que recursos son necesarios. Cuantos más peones tengas trabajando en la armería, más rápidamente podrán fabricar las nuevas armas. Intenta fabricar {0} armas de piedra.","Per ogni tipo di arma, usa + e - per decidere quante armi vuoi che i tuoi peoni producano (muovi il mouse sopra le icone per vedere quante risorse sono necessarie). Più peoni hai nell''edificio, il più velocemente produrranno armi. Prova a produrre {0} armi di roccia.","Para cada tipo de arma disponível, use os pequenos ícones de + e - para ajustar quantas armas você quer que seus peões produzam (mova o ponteiro do mouse sobre os ícones para ver que recursos são requeridos). Quanto mais peões você tiver em um edifício, mais rápido eles vão produzir as armas. Tente produzir {0} armas de pedra."
tutorial/TutorialTrigger,zoom,Zoom in and out by scrolling the mouse wheel or by using Page Up and Page Down. Alternatively you can hold down Z and move the mouse up and down.,Zoom ind og ud ved at rulle på musehjulet eller ved at trykke Page Up og Page Down. Du kan også holde Z nede og flytte musen op og ned.,Zum Ein- und Auszoomen verwenden Sie das Mausrad oder die BILD-AB- bzw. BILD-AUF-TASTE. Sie können auch Z gedrückt halten und die Maus nach oben und unten bewegen.,Acerca y aleja el zoom moviendo la rueda del ratón o pulsando Ré Pág o Av Pág. También puedes pulsar la tecla Z y mover el ratón arriba y abajo.,Zuma muovendo la rotellina del mouse o usando Pag Su o Pag Giù. Alternativamente puoi tenere premuto Z e muovere il mouse su e giù.,Aproxime e distancie girando a roda do mouse ou usando Page Up e Page Down. Você também pode segurar Z e mover o mouse para cima e para baixo.
tutorial/TutorialTrigger,select_tower,"Select your peons, click Tower (or press T) and find a suitable spot to construct your tower on. Once the tower is built, select it.","Vælg dine arbejdere, klik ""Tårn"" (eller tryk T) og find et passende sted at bygge dit tårn. Vælg tårnet når det er bygget.","Markieren Sie Ihre Knechte, klicken Sie auf das Symbol ''Turm'', oder drücken Sie T, und suchen Sie einen geeigneten Ort, an dem Sie einen Turm errichten können. Wenn der Turm fertig ist, markieren Sie ihn.","Selecciona a tus peones, pincha en el icono Torre (o pulsa T) y pincha en una zona adecuada para crear tu torre. Una vez haya sido creada, selecciónala.","Seleziona i tuoi peoni, clicca Torre (o premi T) e trova un luogo per costruire la tua torre. Quando è costruita selezionala.","Selecione seus peões, clique no ícone de Torre (ou pressione T) e encontre um local adequado para construir a sua torre. Quando sua torre estiver construida, selecione-a."
tutorial/TutorialTrigger,fpc,When holding down F or the middle mouse button you can change the camera direction by moving the mouse.,"Når du holder F eller den midterste museknap nede, kan du ændre synsretningen ved at flytte med musen.","Wenn Sie F oder das Mausrad gedrückt halten, können Sie die Kameraperspektive verändern, indem Sie die Maus bewegen.","Mientras dejas pulsada la tecla F o el botón central del ratón, si mueves el ratón podrás cambiar la dirección de la cámara.",Tenendo premuto F o il bottone centrale del mouse puoi cambiare la direzione della camera muovendo il mouse..,"Enquanto segurar a tecla F ou o botão do meio do mouse, você pode alterar a direção da camera movendo o mouse."
util/ServerMessageBundler,size_small,Small,Lille,Klein,Pequeño,Piccola,Pequena
util/ServerMessageBundler,size_medium,Medium,Medium,Mittel,Medio,Media,Média
util/ServerMessageBundler,size_large,Large,Stor,Groß,Grande,Grande,Grande
util/ServerMessageBundler,size_enormous,Enormous,Enorm,Enorm,Enorme,Enorme,Enorme
util/ServerMessageBundler,size_archipelago,Archipelago,Øhav,Archipel,Archipiélago,Arcipelago,Arquipélago
util/ServerMessageBundler,terrain_type_native,Tropical,Tropisk,Tropisch,Tropical,Tropicale,Tropical
util/ServerMessageBundler,terrain_type_viking,Northern,Nordisk,Nordisch,Nórdico,Nordica,Nórdico
util/ServerMessageBundler,rated_yes,Yes,Ja,Ja,Si,Si,Sim
util/ServerMessageBundler,rated_no,No,Nej,Nein,No,No,Não
util/ServerMessageBundler,gamespeed_pause,Paused,Pause,Pause,Pausado,Pausa,Pausada
util/ServerMessageBundler,gamespeed_slow,Slow,Langsom,Langsam,Lenta,Lento,Lenta
util/ServerMessageBundler,gamespeed_normal,Normal,Normal,Normal,Normal,Normale,Normal
util/ServerMessageBundler,gamespeed_fast,Fast,Hurtig,Schnell,Rápida,Veloce,Rápida
util/ServerMessageBundler,gamespeed_ludicrous,Ludicrous,Vanvittig,Irrsinning,Absurda,Velocissimo,Absurda
util/ServerMessageBundler,invalid_char,{0} is not a valid character.,{0} er ikke et gyldigt tegn.,{0} ist kein gültiges Zeichen.,{0} no es un carácter válido.,{0} non è un carattere valido.,{0} não é um caractere válido.
util/ServerMessageBundler,invalid_length,"The specified key must be {0} characters, excluding the dashes.","Nøglen skal være på {0} tegn, foruden stregerne.",Der angegebene Schlüssel muss mindestens {0} Zeichen umfassen (ohne Gedankenstriche).,"La clave especificada debe tener {0} caracteres, sin contar los guiones.","La chiave deve avere {0} caratteri, esclusi i trattini.","A tecla especificada precisa ter {0} caracteres, excluindo os hífens."
util/ServerMessageBundler,invalid_key,The key does not appear to be valid.,Nøglen er ikke gyldig.,Offenbar ist dies kein gültiger Schlüssel.,Parece que la clave no es válida.,La chiave non è valida.,A tecla não parece ser válida.
